cntry,cname,cedition,cproddat,cseqno,name,essround,edition,idno,dweight,pspwght,pweight,vote,prtvtat,prtvtaat,prtvtbat,prtvtbe,prtvtabe,prtvtbbe,prtvtcbe,prtvtbg,prtvtabg,prtvtbbg,prtvtcbg,prtvtch,prtvtach,prtvtbch,prtvtcch,prtvtdch,prtvtech,prtvtfch,prtvtcy,prtvtacy,prtvtcz,prtvtacz,prtvtbcz,prtvtccz,prtvtdcz,prtvde1,prtvade1,prtvbde1,prtvcde1,prtvdde1,prtvede1,prtvde2,prtvade2,prtvbde2,prtvcde2,prtvdde2,prtvede2,prtvtdk,prtvtadk,prtvtbdk,prtvtcdk,prtvtee,prtvtaee,prtvtbee,prtvtcee,prtvtdee,prtvteee,prtvtfee,prtvtes,prtvtaes,prtvtbes,prtvtces,prtvtdes,prtvtfi,prtvtafi,prtvtbfi,prtvtcfi,prtvtdfi,prtvtfr,prtvtafr,prtvtbfr,prtvtcfr,prtvtgb,prtvtagb,prtvtbgb,prtvtgr,prtvtagr,prtvtbgr,prtvtcgr,prtvthr,prtvthu,prtvtahu,prtvtbhu,prtvtchu,prtvtdhu,prtvtehu,prtvtie,prtvtaie,prtvtbie,prtvtil,prtvtail,prtvtbil,prtvtcil,prtvtis,prtvtais,prtvtbis,prtvtit,prtvtait,prtvtbit,prtvlt1,prtvalt1,prtvblt1,prtvlt2,prtvalt2,prtvblt2,prtvlt3,prtvalt3,prtvblt3,prtvtlu,prtvtnl,prtvtanl,prtvtbnl,prtvtcnl,prtvtdnl,prtvtenl,prtvtfnl,prtvtno,prtvtano,prtvtbno,prtvtpl,prtvtapl,prtvtbpl,prtvtcpl,prtvtdpl,prtvtpt,prtvtapt,prtvtbpt,prtvtcpt,prtvtru,prtvtaru,prtvtbru,prtvtcru,prtvtdru,prtvtse,prtvtase,prtvtbse,prtvtsi,prtvtasi,prtvtbsi,prtvtcsi,prtvtdsi,prtvtesi,prtvtsk,prtvtask,prtvtbsk,prtvtcsk,prtvttr,prtvtatr,prtvtua,prtvtaua,prtvtbua,prtvtcua,gndr,agea,edulvla,eisced,eduyrs,mnactic,emplrel,nacer1,nacer11,nacer2,tporgwk,iscoco,isco08,hinctnt,hinctnta,cregion,regunit,regionat,regionbe,regionbg,regionch,regioach,regioncy,regioncz,regioacz,regionde,regiondk,regioadk,regionee,regiones,regioaes,regionfi,regioafi,regionfr,regiongb,regiongr,regioagr,regionhr,regionhu,regionie,regioaie,regiobie,regionil,regionit,regionlu,regionnl,regionno,regionpl,regionpt,regioapt,regionru,regionse,regionsi,regionsk,regiontr,regionua
AT,ESS1-8e01,1.0,12.12.2018,1.0,ESS1e06_6,1.0,6.6,1.0,0.9452,0.9409328155361,0.271487505538325,2.0,,,,,,,,,,,,,,,,,,,,,,,,,,,,,,,,,,,,,,,,,,,,,,,,,,,,,,,,,,,,,,,,,,,,,,,,,,,,,,,,,,,,,,,,,,,,,,,,,,,,,,,,,,,,,,,,,,,,,,,,,,,,,,,,,,,,,,,,,,,,,,,1.0,54.0,3.0,0.0,11.0,1.0,1.0,51.0,,,,1314.0,,,,,,1.0,,,,,,,,,,,,,,,,,,,,,,,,,,,,,,,,,,,,,,
AT,ESS1-8e01,1.0,12.12.2018,2.0,ESS1e06_6,1.0,6.6,2.0,0.4726,0.47046640776805,0.271487505538325,1.0,2.0,,,,,,,,,,,,,,,,,,,,,,,,,,,,,,,,,,,,,,,,,,,,,,,,,,,,,,,,,,,,,,,,,,,,,,,,,,,,,,,,,,,,,,,,,,,,,,,,,,,,,,,,,,,,,,,,,,,,,,,,,,,,,,,,,,,,,,,,,,,,,,1.0,50.0,3.0,0.0,14.0,1.0,2.0,,,,,7412.0,,2.0,,,,1.0,,,,,,,,,,,,,,,,,,,,,,,,,,,,,,,,,,,,,,
AT,ESS1-8e01,1.0,12.12.2018,3.0,ESS1e06_6,1.0,6.6,3.0,0.9452,1.39215496052674,0.271487505538325,1.0,,,,,,,,,,,,,,,,,,,,,,,,,,,,,,,,,,,,,,,,,,,,,,,,,,,,,,,,,,,,,,,,,,,,,,,,,,,,,,,,,,,,,,,,,,,,,,,,,,,,,,,,,,,,,,,,,,,,,,,,,,,,,,,,,,,,,,,,,,,,,,,2.0,63.0,2.0,0.0,9.0,6.0,1.0,40.0,,,,5120.0,,,,,,1.0,,,,,,,,,,,,,,,,,,,,,,,,,,,,,,,,,,,,,,
AT,ESS1-8e01,1.0,12.12.2018,4.0,ESS1e06_6,1.0,6.6,4.0,0.9452,1.38216297191755,0.271487505538325,1.0,,,,,,,,,,,,,,,,,,,,,,,,,,,,,,,,,,,,,,,,,,,,,,,,,,,,,,,,,,,,,,,,,,,,,,,,,,,,,,,,,,,,,,,,,,,,,,,,,,,,,,,,,,,,,,,,,,,,,,,,,,,,,,,,,,,,,,,,,,,,,,,1.0,44.0,5.0,0.0,18.0,1.0,1.0,85.0,,,,2224.0,,9.0,,,,1.0,,,,,,,,,,,,,,,,,,,,,,,,,,,,,,,,,,,,,,
AT,ESS1-8e01,1.0,12.12.2018,5.0,ESS1e06_6,1.0,6.6,6.0,1.8905,1.43776626993043,0.271487505538325,1.0,4.0,,,,,,,,,,,,,,,,,,,,,,,,,,,,,,,,,,,,,,,,,,,,,,,,,,,,,,,,,,,,,,,,,,,,,,,,,,,,,,,,,,,,,,,,,,,,,,,,,,,,,,,,,,,,,,,,,,,,,,,,,,,,,,,,,,,,,,,,,,,,,,2.0,41.0,3.0,0.0,15.0,1.0,2.0,72.0,,,,4130.0,,9.0,,,,1.0,,,,,,,,,,,,,,,,,,,,,,,,,,,,,,,,,,,,,,
AT,ESS1-8e01,1.0,12.12.2018,6.0,ESS1e06_6,1.0,6.6,7.0,0.9452,1.39215496052674,0.271487505538325,2.0,,,,,,,,,,,,,,,,,,,,,,,,,,,,,,,,,,,,,,,,,,,,,,,,,,,,,,,,,,,,,,,,,,,,,,,,,,,,,,,,,,,,,,,,,,,,,,,,,,,,,,,,,,,,,,,,,,,,,,,,,,,,,,,,,,,,,,,,,,,,,,,2.0,63.0,2.0,0.0,11.0,6.0,1.0,93.0,,,,5141.0,,5.0,,,,1.0,,,,,,,,,,,,,,,,,,,,,,,,,,,,,,,,,,,,,,
AT,ESS1-8e01,1.0,12.12.2018,7.0,ESS1e06_6,1.0,6.6,8.0,0.4726,0.585473606002727,0.271487505538325,1.0,2.0,,,,,,,,,,,,,,,,,,,,,,,,,,,,,,,,,,,,,,,,,,,,,,,,,,,,,,,,,,,,,,,,,,,,,,,,,,,,,,,,,,,,,,,,,,,,,,,,,,,,,,,,,,,,,,,,,,,,,,,,,,,,,,,,,,,,,,,,,,,,,,2.0,75.0,3.0,0.0,10.0,6.0,1.0,85.0,,,,4121.0,,,,,,1.0,,,,,,,,,,,,,,,,,,,,,,,,,,,,,,,,,,,,,,
AT,ESS1-8e01,1.0,12.12.2018,8.0,ESS1e06_6,1.0,6.6,10.0,1.4178,1.10568277248962,0.271487505538325,1.0,4.0,,,,,,,,,,,,,,,,,,,,,,,,,,,,,,,,,,,,,,,,,,,,,,,,,,,,,,,,,,,,,,,,,,,,,,,,,,,,,,,,,,,,,,,,,,,,,,,,,,,,,,,,,,,,,,,,,,,,,,,,,,,,,,,,,,,,,,,,,,,,,,2.0,41.0,5.0,0.0,17.0,8.0,1.0,45.0,,,,2444.0,,9.0,,,,1.0,,,,,,,,,,,,,,,,,,,,,,,,,,,,,,,,,,,,,,
AT,ESS1-8e01,1.0,12.12.2018,9.0,ESS1e06_6,1.0,6.6,12.0,3.3083,3.29336440291799,0.271487505538325,1.0,2.0,,,,,,,,,,,,,,,,,,,,,,,,,,,,,,,,,,,,,,,,,,,,,,,,,,,,,,,,,,,,,,,,,,,,,,,,,,,,,,,,,,,,,,,,,,,,,,,,,,,,,,,,,,,,,,,,,,,,,,,,,,,,,,,,,,,,,,,,,,,,,,1.0,47.0,3.0,0.0,16.0,1.0,2.0,45.0,,,,1223.0,,8.0,,,,1.0,,,,,,,,,,,,,,,,,,,,,,,,,,,,,,,,,,,,,,
AT,ESS1-8e01,1.0,12.12.2018,10.0,ESS1e06_6,1.0,6.6,14.0,1.9201,1.39827393994268,0.271487505538325,1.0,2.0,,,,,,,,,,,,,,,,,,,,,,,,,,,,,,,,,,,,,,,,,,,,,,,,,,,,,,,,,,,,,,,,,,,,,,,,,,,,,,,,,,,,,,,,,,,,,,,,,,,,,,,,,,,,,,,,,,,,,,,,,,,,,,,,,,,,,,,,,,,,,,2.0,52.0,2.0,0.0,8.0,8.0,1.0,52.0,,,,5220.0,,,,,,1.0,,,,,,,,,,,,,,,,,,,,,,,,,,,,,,,,,,,,,,
AT,ESS1-8e01,1.0,12.12.2018,11.0,ESS1e06_6,1.0,6.6,15.0,0.96,0.891307523024218,0.271487505538325,1.0,,,,,,,,,,,,,,,,,,,,,,,,,,,,,,,,,,,,,,,,,,,,,,,,,,,,,,,,,,,,,,,,,,,,,,,,,,,,,,,,,,,,,,,,,,,,,,,,,,,,,,,,,,,,,,,,,,,,,,,,,,,,,,,,,,,,,,,,,,,,,,,2.0,34.0,3.0,0.0,12.0,1.0,1.0,52.0,,,,5220.0,,6.0,,,,1.0,,,,,,,,,,,,,,,,,,,,,,,,,,,,,,,,,,,,,,
AT,ESS1-8e01,1.0,12.12.2018,12.0,ESS1e06_6,1.0,6.6,18.0,0.96,0.699100558483915,0.271487505538325,1.0,,,,,,,,,,,,,,,,,,,,,,,,,,,,,,,,,,,,,,,,,,,,,,,,,,,,,,,,,,,,,,,,,,,,,,,,,,,,,,,,,,,,,,,,,,,,,,,,,,,,,,,,,,,,,,,,,,,,,,,,,,,,,,,,,,,,,,,,,,,,,,,2.0,47.0,2.0,0.0,9.0,1.0,1.0,75.0,,,,9132.0,,4.0,,,,1.0,,,,,,,,,,,,,,,,,,,,,,,,,,,,,,,,,,,,,,
AT,ESS1-8e01,1.0,12.12.2018,13.0,ESS1e06_6,1.0,6.6,20.0,1.9201,1.46027771218906,0.271487505538325,1.0,,,,,,,,,,,,,,,,,,,,,,,,,,,,,,,,,,,,,,,,,,,,,,,,,,,,,,,,,,,,,,,,,,,,,,,,,,,,,,,,,,,,,,,,,,,,,,,,,,,,,,,,,,,,,,,,,,,,,,,,,,,,,,,,,,,,,,,,,,,,,,,2.0,45.0,3.0,0.0,12.0,1.0,1.0,51.0,,,,5220.0,,6.0,,,,1.0,,,,,,,,,,,,,,,,,,,,,,,,,,,,,,,,,,,,,,
AT,ESS1-8e01,1.0,12.12.2018,14.0,ESS1e06_6,1.0,6.6,22.0,0.96,0.891307523024218,0.271487505538325,1.0,1.0,,,,,,,,,,,,,,,,,,,,,,,,,,,,,,,,,,,,,,,,,,,,,,,,,,,,,,,,,,,,,,,,,,,,,,,,,,,,,,,,,,,,,,,,,,,,,,,,,,,,,,,,,,,,,,,,,,,,,,,,,,,,,,,,,,,,,,,,,,,,,,2.0,30.0,3.0,0.0,12.0,8.0,1.0,52.0,,,,4121.0,,6.0,,,,1.0,,,,,,,,,,,,,,,,,,,,,,,,,,,,,,,,,,,,,,
AT,ESS1-8e01,1.0,12.12.2018,15.0,ESS1e06_6,1.0,6.6,24.0,0.48,0.395696065645675,0.271487505538325,1.0,,,,,,,,,,,,,,,,,,,,,,,,,,,,,,,,,,,,,,,,,,,,,,,,,,,,,,,,,,,,,,,,,,,,,,,,,,,,,,,,,,,,,,,,,,,,,,,,,,,,,,,,,,,,,,,,,,,,,,,,,,,,,,,,,,,,,,,,,,,,,,,1.0,60.0,2.0,0.0,8.0,6.0,1.0,45.0,,,,9313.0,,,,,,1.0,,,,,,,,,,,,,,,,,,,,,,,,,,,,,,,,,,,,,,
AT,ESS1-8e01,1.0,12.12.2018,16.0,ESS1e06_6,1.0,6.6,25.0,0.3397,0.425434569667116,0.271487505538325,2.0,,,,,,,,,,,,,,,,,,,,,,,,,,,,,,,,,,,,,,,,,,,,,,,,,,,,,,,,,,,,,,,,,,,,,,,,,,,,,,,,,,,,,,,,,,,,,,,,,,,,,,,,,,,,,,,,,,,,,,,,,,,,,,,,,,,,,,,,,,,,,,,1.0,24.0,3.0,0.0,12.0,1.0,1.0,22.0,,,,8251.0,,11.0,,,,1.0,,,,,,,,,,,,,,,,,,,,,,,,,,,,,,,,,,,,,,
AT,ESS1-8e01,1.0,12.12.2018,17.0,ESS1e06_6,1.0,6.6,26.0,0.6795,1.00081389724706,0.271487505538325,1.0,,,,,,,,,,,,,,,,,,,,,,,,,,,,,,,,,,,,,,,,,,,,,,,,,,,,,,,,,,,,,,,,,,,,,,,,,,,,,,,,,,,,,,,,,,,,,,,,,,,,,,,,,,,,,,,,,,,,,,,,,,,,,,,,,,,,,,,,,,,,,,,2.0,76.0,2.0,0.0,8.0,6.0,3.0,1.0,,,,9211.0,,,,,,1.0,,,,,,,,,,,,,,,,,,,,,,,,,,,,,,,,,,,,,,
AT,ESS1-8e01,1.0,12.12.2018,18.0,ESS1e06_6,1.0,6.6,27.0,0.3397,0.356172109501258,0.271487505538325,2.0,,,,,,,,,,,,,,,,,,,,,,,,,,,,,,,,,,,,,,,,,,,,,,,,,,,,,,,,,,,,,,,,,,,,,,,,,,,,,,,,,,,,,,,,,,,,,,,,,,,,,,,,,,,,,,,,,,,,,,,,,,,,,,,,,,,,,,,,,,,,,,,2.0,28.0,5.0,0.0,17.0,1.0,1.0,52.0,,,,5220.0,,4.0,,,,1.0,,,,,,,,,,,,,,,,,,,,,,,,,,,,,,,,,,,,,,
AT,ESS1-8e01,1.0,12.12.2018,19.0,ESS1e06_6,1.0,6.6,28.0,0.6795,0.560157242929659,0.271487505538325,1.0,,,,,,,,,,,,,,,,,,,,,,,,,,,,,,,,,,,,,,,,,,,,,,,,,,,,,,,,,,,,,,,,,,,,,,,,,,,,,,,,,,,,,,,,,,,,,,,,,,,,,,,,,,,,,,,,,,,,,,,,,,,,,,,,,,,,,,,,,,,,,,,1.0,61.0,2.0,0.0,8.0,6.0,2.0,90.0,,,,7143.0,,6.0,,,,1.0,,,,,,,,,,,,,,,,,,,,,,,,,,,,,,,,,,,,,,
AT,ESS1-8e01,1.0,12.12.2018,20.0,ESS1e06_6,1.0,6.6,29.0,0.6795,0.516774493741194,0.271487505538325,1.0,,,,,,,,,,,,,,,,,,,,,,,,,,,,,,,,,,,,,,,,,,,,,,,,,,,,,,,,,,,,,,,,,,,,,,,,,,,,,,,,,,,,,,,,,,,,,,,,,,,,,,,,,,,,,,,,,,,,,,,,,,,,,,,,,,,,,,,,,,,,,,,2.0,38.0,3.0,0.0,15.0,1.0,1.0,75.0,,,,3320.0,,,,,,1.0,,,,,,,,,,,,,,,,,,,,,,,,,,,,,,,,,,,,,,
AT,ESS1-8e01,1.0,12.12.2018,21.0,ESS1e06_6,1.0,6.6,30.0,0.3397,0.500333305216815,0.271487505538325,1.0,,,,,,,,,,,,,,,,,,,,,,,,,,,,,,,,,,,,,,,,,,,,,,,,,,,,,,,,,,,,,,,,,,,,,,,,,,,,,,,,,,,,,,,,,,,,,,,,,,,,,,,,,,,,,,,,,,,,,,,,,,,,,,,,,,,,,,,,,,,,,,,2.0,77.0,2.0,0.0,8.0,6.0,1.0,1.0,,,,9211.0,,,,,,1.0,,,,,,,,,,,,,,,,,,,,,,,,,,,,,,,,,,,,,,
AT,ESS1-8e01,1.0,12.12.2018,22.0,ESS1e06_6,1.0,6.6,31.0,1.6987,1.57715009308462,0.271487505538325,1.0,,,,,,,,,,,,,,,,,,,,,,,,,,,,,,,,,,,,,,,,,,,,,,,,,,,,,,,,,,,,,,,,,,,,,,,,,,,,,,,,,,,,,,,,,,,,,,,,,,,,,,,,,,,,,,,,,,,,,,,,,,,,,,,,,,,,,,,,,,,,,,,2.0,26.0,3.0,0.0,10.0,1.0,1.0,52.0,,,,4132.0,,,,,,1.0,,,,,,,,,,,,,,,,,,,,,,,,,,,,,,,,,,,,,,
AT,ESS1-8e01,1.0,12.12.2018,23.0,ESS1e06_6,1.0,6.6,32.0,1.0192,1.50114720246387,0.271487505538325,1.0,,,,,,,,,,,,,,,,,,,,,,,,,,,,,,,,,,,,,,,,,,,,,,,,,,,,,,,,,,,,,,,,,,,,,,,,,,,,,,,,,,,,,,,,,,,,,,,,,,,,,,,,,,,,,,,,,,,,,,,,,,,,,,,,,,,,,,,,,,,,,,,2.0,78.0,2.0,0.0,8.0,6.0,,,,,,,,,,,,1.0,,,,,,,,,,,,,,,,,,,,,,,,,,,,,,,,,,,,,,
AT,ESS1-8e01,1.0,12.12.2018,24.0,ESS1e06_6,1.0,6.6,34.0,0.3397,0.500333305216815,0.271487505538325,1.0,,,,,,,,,,,,,,,,,,,,,,,,,,,,,,,,,,,,,,,,,,,,,,,,,,,,,,,,,,,,,,,,,,,,,,,,,,,,,,,,,,,,,,,,,,,,,,,,,,,,,,,,,,,,,,,,,,,,,,,,,,,,,,,,,,,,,,,,,,,,,,,2.0,78.0,2.0,0.0,9.0,6.0,1.0,75.0,,,,5131.0,,,,,,1.0,,,,,,,,,,,,,,,,,,,,,,,,,,,,,,,,,,,,,,
AT,ESS1-8e01,1.0,12.12.2018,25.0,ESS1e06_6,1.0,6.6,35.0,1.0192,1.26262103097329,0.271487505538325,1.0,,,,,,,,,,,,,,,,,,,,,,,,,,,,,,,,,,,,,,,,,,,,,,,,,,,,,,,,,,,,,,,,,,,,,,,,,,,,,,,,,,,,,,,,,,,,,,,,,,,,,,,,,,,,,,,,,,,,,,,,,,,,,,,,,,,,,,,,,,,,,,,2.0,60.0,3.0,0.0,12.0,6.0,2.0,93.0,,,,5141.0,,,,,,1.0,,,,,,,,,,,,,,,,,,,,,,,,,,,,,,,,,,,,,,
AT,ESS1-8e01,1.0,12.12.2018,26.0,ESS1e06_6,1.0,6.6,36.0,1.359,1.03354898748238,0.271487505538325,1.0,,,,,,,,,,,,,,,,,,,,,,,,,,,,,,,,,,,,,,,,,,,,,,,,,,,,,,,,,,,,,,,,,,,,,,,,,,,,,,,,,,,,,,,,,,,,,,,,,,,,,,,,,,,,,,,,,,,,,,,,,,,,,,,,,,,,,,,,,,,,,,,2.0,51.0,3.0,0.0,15.0,1.0,1.0,75.0,,,,1232.0,,,,,,1.0,,,,,,,,,,,,,,,,,,,,,,,,,,,,,,,,,,,,,,
AT,ESS1-8e01,1.0,12.12.2018,27.0,ESS1e06_6,1.0,6.6,37.0,0.7706,0.600958629200526,0.271487505538325,1.0,2.0,,,,,,,,,,,,,,,,,,,,,,,,,,,,,,,,,,,,,,,,,,,,,,,,,,,,,,,,,,,,,,,,,,,,,,,,,,,,,,,,,,,,,,,,,,,,,,,,,,,,,,,,,,,,,,,,,,,,,,,,,,,,,,,,,,,,,,,,,,,,,,2.0,45.0,5.0,0.0,19.0,3.0,1.0,80.0,,,,2331.0,,7.0,,,,1.0,,,,,,,,,,,,,,,,,,,,,,,,,,,,,,,,,,,,,,
AT,ESS1-8e01,1.0,12.12.2018,28.0,ESS1e06_6,1.0,6.6,38.0,0.3853,0.317628529360997,0.271487505538325,1.0,2.0,,,,,,,,,,,,,,,,,,,,,,,,,,,,,,,,,,,,,,,,,,,,,,,,,,,,,,,,,,,,,,,,,,,,,,,,,,,,,,,,,,,,,,,,,,,,,,,,,,,,,,,,,,,,,,,,,,,,,,,,,,,,,,,,,,,,,,,,,,,,,,1.0,77.0,2.0,0.0,8.0,6.0,1.0,65.0,,,,4212.0,,6.0,,,,1.0,,,,,,,,,,,,,,,,,,,,,,,,,,,,,,,,,,,,,,
AT,ESS1-8e01,1.0,12.12.2018,29.0,ESS1e06_6,1.0,6.6,39.0,1.5411,1.43082710805481,0.271487505538325,2.0,,,,,,,,,,,,,,,,,,,,,,,,,,,,,,,,,,,,,,,,,,,,,,,,,,,,,,,,,,,,,,,,,,,,,,,,,,,,,,,,,,,,,,,,,,,,,,,,,,,,,,,,,,,,,,,,,,,,,,,,,,,,,,,,,,,,,,,,,,,,,,,2.0,31.0,3.0,0.0,11.0,1.0,1.0,64.0,,,,4115.0,,,,,,1.0,,,,,,,,,,,,,,,,,,,,,,,,,,,,,,,,,,,,,,
AT,ESS1-8e01,1.0,12.12.2018,30.0,ESS1e06_6,1.0,6.6,40.0,1.1558,1.44750449108405,0.271487505538325,1.0,,,,,,,,,,,,,,,,,,,,,,,,,,,,,,,,,,,,,,,,,,,,,,,,,,,,,,,,,,,,,,,,,,,,,,,,,,,,,,,,,,,,,,,,,,,,,,,,,,,,,,,,,,,,,,,,,,,,,,,,,,,,,,,,,,,,,,,,,,,,,,,1.0,21.0,3.0,0.0,14.0,2.0,,,,,,,,,,,,1.0,,,,,,,,,,,,,,,,,,,,,,,,,,,,,,,,,,,,,,
AT,ESS1-8e01,1.0,12.12.2018,31.0,ESS1e06_6,1.0,6.6,41.0,1.5411,3.46256152374655,0.271487505538325,1.0,,,,,,,,,,,,,,,,,,,,,,,,,,,,,,,,,,,,,,,,,,,,,,,,,,,,,,,,,,,,,,,,,,,,,,,,,,,,,,,,,,,,,,,,,,,,,,,,,,,,,,,,,,,,,,,,,,,,,,,,,,,,,,,,,,,,,,,,,,,,,,,2.0,25.0,2.0,0.0,9.0,8.0,1.0,31.0,,,,7210.0,,,,,,1.0,,,,,,,,,,,,,,,,,,,,,,,,,,,,,,,,,,,,,,
AT,ESS1-8e01,1.0,12.12.2018,32.0,ESS1e06_6,1.0,6.6,42.0,0.7706,0.586058020422316,0.271487505538325,1.0,,,,,,,,,,,,,,,,,,,,,,,,,,,,,,,,,,,,,,,,,,,,,,,,,,,,,,,,,,,,,,,,,,,,,,,,,,,,,,,,,,,,,,,,,,,,,,,,,,,,,,,,,,,,,,,,,,,,,,,,,,,,,,,,,,,,,,,,,,,,,,,2.0,51.0,3.0,0.0,12.0,1.0,1.0,17.0,,,,4121.0,,7.0,,,,1.0,,,,,,,,,,,,,,,,,,,,,,,,,,,,,,,,,,,,,,
AT,ESS1-8e01,1.0,12.12.2018,33.0,ESS1e06_6,1.0,6.6,43.0,0.3853,0.477323276328503,0.271487505538325,1.0,,,,,,,,,,,,,,,,,,,,,,,,,,,,,,,,,,,,,,,,,,,,,,,,,,,,,,,,,,,,,,,,,,,,,,,,,,,,,,,,,,,,,,,,,,,,,,,,,,,,,,,,,,,,,,,,,,,,,,,,,,,,,,,,,,,,,,,,,,,,,,,2.0,70.0,3.0,0.0,15.0,6.0,1.0,85.0,,,,3221.0,,5.0,,,,1.0,,,,,,,,,,,,,,,,,,,,,,,,,,,,,,,,,,,,,,
AT,ESS1-8e01,1.0,12.12.2018,34.0,ESS1e06_6,1.0,6.6,44.0,0.3853,0.317628529360997,0.271487505538325,1.0,2.0,,,,,,,,,,,,,,,,,,,,,,,,,,,,,,,,,,,,,,,,,,,,,,,,,,,,,,,,,,,,,,,,,,,,,,,,,,,,,,,,,,,,,,,,,,,,,,,,,,,,,,,,,,,,,,,,,,,,,,,,,,,,,,,,,,,,,,,,,,,,,,1.0,66.0,2.0,0.0,8.0,6.0,,31.0,,,,7210.0,,4.0,,,,1.0,,,,,,,,,,,,,,,,,,,,,,,,,,,,,,,,,,,,,,
AT,ESS1-8e01,1.0,12.12.2018,35.0,ESS1e06_6,1.0,6.6,45.0,0.3853,0.317628529360997,0.271487505538325,1.0,,,,,,,,,,,,,,,,,,,,,,,,,,,,,,,,,,,,,,,,,,,,,,,,,,,,,,,,,,,,,,,,,,,,,,,,,,,,,,,,,,,,,,,,,,,,,,,,,,,,,,,,,,,,,,,,,,,,,,,,,,,,,,,,,,,,,,,,,,,,,,,1.0,64.0,2.0,0.0,9.0,6.0,1.0,29.0,,,,9320.0,,10.0,,,,1.0,,,,,,,,,,,,,,,,,,,,,,,,,,,,,,,,,,,,,,
AT,ESS1-8e01,1.0,12.12.2018,36.0,ESS1e06_6,1.0,6.6,46.0,1.1558,0.879010978463681,0.271487505538325,1.0,1.0,,,,,,,,,,,,,,,,,,,,,,,,,,,,,,,,,,,,,,,,,,,,,,,,,,,,,,,,,,,,,,,,,,,,,,,,,,,,,,,,,,,,,,,,,,,,,,,,,,,,,,,,,,,,,,,,,,,,,,,,,,,,,,,,,,,,,,,,,,,,,,2.0,42.0,3.0,0.0,10.0,3.0,1.0,52.0,,,,5220.0,,7.0,,,,1.0,,,,,,,,,,,,,,,,,,,,,,,,,,,,,,,,,,,,,,
AT,ESS1-8e01,1.0,12.12.2018,37.0,ESS1e06_6,1.0,6.6,48.0,1.1558,1.43184594544636,0.271487505538325,1.0,,,,,,,,,,,,,,,,,,,,,,,,,,,,,,,,,,,,,,,,,,,,,,,,,,,,,,,,,,,,,,,,,,,,,,,,,,,,,,,,,,,,,,,,,,,,,,,,,,,,,,,,,,,,,,,,,,,,,,,,,,,,,,,,,,,,,,,,,,,,,,,2.0,58.0,3.0,0.0,12.0,6.0,1.0,52.0,,,,3228.0,,,,,,1.0,,,,,,,,,,,,,,,,,,,,,,,,,,,,,,,,,,,,,,
AT,ESS1-8e01,1.0,12.12.2018,38.0,ESS1e06_6,1.0,6.6,51.0,0.9152,1.00584528655298,0.271487505538325,1.0,1.0,,,,,,,,,,,,,,,,,,,,,,,,,,,,,,,,,,,,,,,,,,,,,,,,,,,,,,,,,,,,,,,,,,,,,,,,,,,,,,,,,,,,,,,,,,,,,,,,,,,,,,,,,,,,,,,,,,,,,,,,,,,,,,,,,,,,,,,,,,,,,,1.0,70.0,3.0,0.0,11.0,6.0,2.0,52.0,,,,1314.0,,7.0,,,,1.0,,,,,,,,,,,,,,,,,,,,,,,,,,,,,,,,,,,,,,
AT,ESS1-8e01,1.0,12.12.2018,39.0,ESS1e06_6,1.0,6.6,53.0,0.9152,1.33829406675723,0.271487505538325,1.0,2.0,,,,,,,,,,,,,,,,,,,,,,,,,,,,,,,,,,,,,,,,,,,,,,,,,,,,,,,,,,,,,,,,,,,,,,,,,,,,,,,,,,,,,,,,,,,,,,,,,,,,,,,,,,,,,,,,,,,,,,,,,,,,,,,,,,,,,,,,,,,,,,1.0,44.0,5.0,0.0,16.0,1.0,1.0,51.0,,,,2143.0,,9.0,,,,1.0,,,,,,,,,,,,,,,,,,,,,,,,,,,,,,,,,,,,,,
AT,ESS1-8e01,1.0,12.12.2018,40.0,ESS1e06_6,1.0,6.6,56.0,0.9152,0.911068253045534,0.271487505538325,1.0,1.0,,,,,,,,,,,,,,,,,,,,,,,,,,,,,,,,,,,,,,,,,,,,,,,,,,,,,,,,,,,,,,,,,,,,,,,,,,,,,,,,,,,,,,,,,,,,,,,,,,,,,,,,,,,,,,,,,,,,,,,,,,,,,,,,,,,,,,,,,,,,,,1.0,41.0,3.0,0.0,11.0,1.0,2.0,92.0,,,,2452.0,,7.0,,,,1.0,,,,,,,,,,,,,,,,,,,,,,,,,,,,,,,,,,,,,,
AT,ESS1-8e01,1.0,12.12.2018,41.0,ESS1e06_6,1.0,6.6,57.0,0.9152,2.05628207548689,0.271487505538325,1.0,,,,,,,,,,,,,,,,,,,,,,,,,,,,,,,,,,,,,,,,,,,,,,,,,,,,,,,,,,,,,,,,,,,,,,,,,,,,,,,,,,,,,,,,,,,,,,,,,,,,,,,,,,,,,,,,,,,,,,,,,,,,,,,,,,,,,,,,,,,,,,,2.0,27.0,2.0,0.0,12.0,1.0,1.0,80.0,,,,4190.0,,3.0,,,,1.0,,,,,,,,,,,,,,,,,,,,,,,,,,,,,,,,,,,,,,
AT,ESS1-8e01,1.0,12.12.2018,42.0,ESS1e06_6,1.0,6.6,58.0,0.9152,0.666475865754665,0.271487505538325,1.0,1.0,,,,,,,,,,,,,,,,,,,,,,,,,,,,,,,,,,,,,,,,,,,,,,,,,,,,,,,,,,,,,,,,,,,,,,,,,,,,,,,,,,,,,,,,,,,,,,,,,,,,,,,,,,,,,,,,,,,,,,,,,,,,,,,,,,,,,,,,,,,,,,2.0,42.0,2.0,0.0,9.0,8.0,,,,,,,,4.0,,,,1.0,,,,,,,,,,,,,,,,,,,,,,,,,,,,,,,,,,,,,,
AT,ESS1-8e01,1.0,12.12.2018,43.0,ESS1e06_6,1.0,6.6,59.0,0.9152,1.00584528655298,0.271487505538325,1.0,3.0,,,,,,,,,,,,,,,,,,,,,,,,,,,,,,,,,,,,,,,,,,,,,,,,,,,,,,,,,,,,,,,,,,,,,,,,,,,,,,,,,,,,,,,,,,,,,,,,,,,,,,,,,,,,,,,,,,,,,,,,,,,,,,,,,,,,,,,,,,,,,,1.0,69.0,3.0,0.0,11.0,6.0,1.0,45.0,,,,7121.0,,8.0,,,,1.0,,,,,,,,,,,,,,,,,,,,,,,,,,,,,,,,,,,,,,
AT,ESS1-8e01,1.0,12.12.2018,44.0,ESS1e06_6,1.0,6.6,62.0,1.217,0.589049903318188,0.271487505538325,1.0,1.0,,,,,,,,,,,,,,,,,,,,,,,,,,,,,,,,,,,,,,,,,,,,,,,,,,,,,,,,,,,,,,,,,,,,,,,,,,,,,,,,,,,,,,,,,,,,,,,,,,,,,,,,,,,,,,,,,,,,,,,,,,,,,,,,,,,,,,,,,,,,,,1.0,40.0,2.0,0.0,13.0,1.0,1.0,60.0,,,,9151.0,,7.0,,,,1.0,,,,,,,,,,,,,,,,,,,,,,,,,,,,,,,,,,,,,,
AT,ESS1-8e01,1.0,12.12.2018,45.0,ESS1e06_6,1.0,6.6,64.0,0.3042,0.448046486449677,0.271487505538325,1.0,2.0,,,,,,,,,,,,,,,,,,,,,,,,,,,,,,,,,,,,,,,,,,,,,,,,,,,,,,,,,,,,,,,,,,,,,,,,,,,,,,,,,,,,,,,,,,,,,,,,,,,,,,,,,,,,,,,,,,,,,,,,,,,,,,,,,,,,,,,,,,,,,,2.0,75.0,2.0,0.0,9.0,6.0,1.0,15.0,,,,5220.0,,4.0,,,,1.0,,,,,,,,,,,,,,,,,,,,,,,,,,,,,,,,,,,,,,
AT,ESS1-8e01,1.0,12.12.2018,46.0,ESS1e06_6,1.0,6.6,66.0,1.5212,1.10778309329763,0.271487505538325,1.0,,,,,,,,,,,,,,,,,,,,,,,,,,,,,,,,,,,,,,,,,,,,,,,,,,,,,,,,,,,,,,,,,,,,,,,,,,,,,,,,,,,,,,,,,,,,,,,,,,,,,,,,,,,,,,,,,,,,,,,,,,,,,,,,,,,,,,,,,,,,,,,2.0,43.0,2.0,0.0,9.0,1.0,1.0,1.0,,,,6111.0,,,,,,1.0,,,,,,,,,,,,,,,,,,,,,,,,,,,,,,,,,,,,,,
AT,ESS1-8e01,1.0,12.12.2018,47.0,ESS1e06_6,1.0,6.6,67.0,1.5212,1.51433241535497,0.271487505538325,1.0,2.0,,,,,,,,,,,,,,,,,,,,,,,,,,,,,,,,,,,,,,,,,,,,,,,,,,,,,,,,,,,,,,,,,,,,,,,,,,,,,,,,,,,,,,,,,,,,,,,,,,,,,,,,,,,,,,,,,,,,,,,,,,,,,,,,,,,,,,,,,,,,,,1.0,53.0,3.0,0.0,16.0,1.0,1.0,80.0,,,,3449.0,,3.0,,,,1.0,,,,,,,,,,,,,,,,,,,,,,,,,,,,,,,,,,,,,,
AT,ESS1-8e01,1.0,12.12.2018,48.0,ESS1e06_6,1.0,6.6,68.0,0.9127,1.13068506178309,0.271487505538325,1.0,2.0,,,,,,,,,,,,,,,,,,,,,,,,,,,,,,,,,,,,,,,,,,,,,,,,,,,,,,,,,,,,,,,,,,,,,,,,,,,,,,,,,,,,,,,,,,,,,,,,,,,,,,,,,,,,,,,,,,,,,,,,,,,,,,,,,,,,,,,,,,,,,,2.0,59.0,3.0,0.0,13.0,6.0,1.0,80.0,,,,1239.0,,8.0,,,,1.0,,,,,,,,,,,,,,,,,,,,,,,,,,,,,,,,,,,,,,
AT,ESS1-8e01,1.0,12.12.2018,49.0,ESS1e06_6,1.0,6.6,70.0,0.6085,0.896240259712782,0.271487505538325,1.0,,,,,,,,,,,,,,,,,,,,,,,,,,,,,,,,,,,,,,,,,,,,,,,,,,,,,,,,,,,,,,,,,,,,,,,,,,,,,,,,,,,,,,,,,,,,,,,,,,,,,,,,,,,,,,,,,,,,,,,,,,,,,,,,,,,,,,,,,,,,,,,2.0,68.0,2.0,0.0,8.0,6.0,1.0,60.0,,,,9320.0,,,,,,1.0,,,,,,,,,,,,,,,,,,,,,,,,,,,,,,,,,,,,,,
AT,ESS1-8e01,1.0,12.12.2018,50.0,ESS1e06_6,1.0,6.6,72.0,0.6085,0.668768418780035,0.271487505538325,1.0,,,,,,,,,,,,,,,,,,,,,,,,,,,,,,,,,,,,,,,,,,,,,,,,,,,,,,,,,,,,,,,,,,,,,,,,,,,,,,,,,,,,,,,,,,,,,,,,,,,,,,,,,,,,,,,,,,,,,,,,,,,,,,,,,,,,,,,,,,,,,,,1.0,58.0,3.0,0.0,10.0,6.0,1.0,74.0,,,,1239.0,,11.0,,,,1.0,,,,,,,,,,,,,,,,,,,,,,,,,,,,,,,,,,,,,,
AT,ESS1-8e01,1.0,12.12.2018,51.0,ESS1e06_6,1.0,6.6,74.0,0.3348,0.275998005787858,0.271487505538325,1.0,2.0,,,,,,,,,,,,,,,,,,,,,,,,,,,,,,,,,,,,,,,,,,,,,,,,,,,,,,,,,,,,,,,,,,,,,,,,,,,,,,,,,,,,,,,,,,,,,,,,,,,,,,,,,,,,,,,,,,,,,,,,,,,,,,,,,,,,,,,,,,,,,,1.0,57.0,2.0,0.0,12.0,1.0,1.0,75.0,,,,9141.0,,,,,,1.0,,,,,,,,,,,,,,,,,,,,,,,,,,,,,,,,,,,,,,
AT,ESS1-8e01,1.0,12.12.2018,52.0,ESS1e06_6,1.0,6.6,75.0,1.0045,0.999965100725785,0.271487505538325,1.0,2.0,,,,,,,,,,,,,,,,,,,,,,,,,,,,,,,,,,,,,,,,,,,,,,,,,,,,,,,,,,,,,,,,,,,,,,,,,,,,,,,,,,,,,,,,,,,,,,,,,,,,,,,,,,,,,,,,,,,,,,,,,,,,,,,,,,,,,,,,,,,,,,1.0,45.0,3.0,0.0,14.0,1.0,2.0,1.0,,,,6130.0,,,,,,1.0,,,,,,,,,,,,,,,,,,,,,,,,,,,,,,,,,,,,,,
AT,ESS1-8e01,1.0,12.12.2018,53.0,ESS1e06_6,1.0,6.6,78.0,0.3348,0.493116251358816,0.271487505538325,1.0,1.0,,,,,,,,,,,,,,,,,,,,,,,,,,,,,,,,,,,,,,,,,,,,,,,,,,,,,,,,,,,,,,,,,,,,,,,,,,,,,,,,,,,,,,,,,,,,,,,,,,,,,,,,,,,,,,,,,,,,,,,,,,,,,,,,,,,,,,,,,,,,,,2.0,79.0,2.0,0.0,8.0,6.0,,,,,,,,,,,,1.0,,,,,,,,,,,,,,,,,,,,,,,,,,,,,,,,,,,,,,
AT,ESS1-8e01,1.0,12.12.2018,54.0,ESS1e06_6,1.0,6.6,79.0,1.0045,0.763944045567372,0.271487505538325,1.0,,,,,,,,,,,,,,,,,,,,,,,,,,,,,,,,,,,,,,,,,,,,,,,,,,,,,,,,,,,,,,,,,,,,,,,,,,,,,,,,,,,,,,,,,,,,,,,,,,,,,,,,,,,,,,,,,,,,,,,,,,,,,,,,,,,,,,,,,,,,,,,2.0,36.0,3.0,0.0,13.0,3.0,1.0,52.0,,,,4121.0,,,,,,1.0,,,,,,,,,,,,,,,,,,,,,,,,,,,,,,,,,,,,,,
AT,ESS1-8e01,1.0,12.12.2018,55.0,ESS1e06_6,1.0,6.6,81.0,1.3393,0.975318102059903,0.271487505538325,1.0,1.0,,,,,,,,,,,,,,,,,,,,,,,,,,,,,,,,,,,,,,,,,,,,,,,,,,,,,,,,,,,,,,,,,,,,,,,,,,,,,,,,,,,,,,,,,,,,,,,,,,,,,,,,,,,,,,,,,,,,,,,,,,,,,,,,,,,,,,,,,,,,,,2.0,37.0,2.0,0.0,9.0,8.0,1.0,,,,,9132.0,,2.0,,,,1.0,,,,,,,,,,,,,,,,,,,,,,,,,,,,,,,,,,,,,,
AT,ESS1-8e01,1.0,12.12.2018,56.0,ESS1e06_6,1.0,6.6,83.0,1.0045,0.828076454043918,0.271487505538325,1.0,2.0,,,,,,,,,,,,,,,,,,,,,,,,,,,,,,,,,,,,,,,,,,,,,,,,,,,,,,,,,,,,,,,,,,,,,,,,,,,,,,,,,,,,,,,,,,,,,,,,,,,,,,,,,,,,,,,,,,,,,,,,,,,,,,,,,,,,,,,,,,,,,,1.0,62.0,2.0,0.0,8.0,6.0,,,,,,,,,,,,1.0,,,,,,,,,,,,,,,,,,,,,,,,,,,,,,,,,,,,,,
AT,ESS1-8e01,1.0,12.12.2018,57.0,ESS1e06_6,1.0,6.6,86.0,0.7971,1.17402318983905,0.271487505538325,1.0,,,,,,,,,,,,,,,,,,,,,,,,,,,,,,,,,,,,,,,,,,,,,,,,,,,,,,,,,,,,,,,,,,,,,,,,,,,,,,,,,,,,,,,,,,,,,,,,,,,,,,,,,,,,,,,,,,,,,,,,,,,,,,,,,,,,,,,,,,,,,,,2.0,68.0,2.0,0.0,11.0,6.0,1.0,85.0,,,,3225.0,,,,,,1.0,,,,,,,,,,,,,,,,,,,,,,,,,,,,,,,,,,,,,,
AT,ESS1-8e01,1.0,12.12.2018,58.0,ESS1e06_6,1.0,6.6,87.0,0.7971,1.12385263005828,0.271487505538325,1.0,4.0,,,,,,,,,,,,,,,,,,,,,,,,,,,,,,,,,,,,,,,,,,,,,,,,,,,,,,,,,,,,,,,,,,,,,,,,,,,,,,,,,,,,,,,,,,,,,,,,,,,,,,,,,,,,,,,,,,,,,,,,,,,,,,,,,,,,,,,,,,,,,,1.0,55.0,5.0,0.0,19.0,1.0,1.0,80.0,,,,3310.0,,9.0,,,,1.0,,,,,,,,,,,,,,,,,,,,,,,,,,,,,,,,,,,,,,
AT,ESS1-8e01,1.0,12.12.2018,59.0,ESS1e06_6,1.0,6.6,88.0,0.3985,0.49367590349574,0.271487505538325,1.0,,,,,,,,,,,,,,,,,,,,,,,,,,,,,,,,,,,,,,,,,,,,,,,,,,,,,,,,,,,,,,,,,,,,,,,,,,,,,,,,,,,,,,,,,,,,,,,,,,,,,,,,,,,,,,,,,,,,,,,,,,,,,,,,,,,,,,,,,,,,,,,2.0,76.0,3.0,0.0,12.0,6.0,1.0,80.0,,,,3310.0,,,,,,1.0,,,,,,,,,,,,,,,,,,,,,,,,,,,,,,,,,,,,,,
AT,ESS1-8e01,1.0,12.12.2018,60.0,ESS1e06_6,1.0,6.6,92.0,0.3985,0.310773441132117,0.271487505538325,1.0,4.0,,,,,,,,,,,,,,,,,,,,,,,,,,,,,,,,,,,,,,,,,,,,,,,,,,,,,,,,,,,,,,,,,,,,,,,,,,,,,,,,,,,,,,,,,,,,,,,,,,,,,,,,,,,,,,,,,,,,,,,,,,,,,,,,,,,,,,,,,,,,,,2.0,41.0,5.0,0.0,18.0,1.0,1.0,80.0,,,,2331.0,,9.0,,,,1.0,,,,,,,,,,,,,,,,,,,,,,,,,,,,,,,,,,,,,,
AT,ESS1-8e01,1.0,12.12.2018,61.0,ESS1e06_6,1.0,6.6,94.0,0.3985,0.568055664566673,0.271487505538325,1.0,2.0,,,,,,,,,,,,,,,,,,,,,,,,,,,,,,,,,,,,,,,,,,,,,,,,,,,,,,,,,,,,,,,,,,,,,,,,,,,,,,,,,,,,,,,,,,,,,,,,,,,,,,,,,,,,,,,,,,,,,,,,,,,,,,,,,,,,,,,,,,,,,,2.0,59.0,5.0,0.0,17.0,6.0,,80.0,,,,2350.0,,,,,,1.0,,,,,,,,,,,,,,,,,,,,,,,,,,,,,,,,,,,,,,
AT,ESS1-8e01,1.0,12.12.2018,62.0,ESS1e06_6,1.0,6.6,96.0,0.3985,0.437969128814862,0.271487505538325,1.0,2.0,,,,,,,,,,,,,,,,,,,,,,,,,,,,,,,,,,,,,,,,,,,,,,,,,,,,,,,,,,,,,,,,,,,,,,,,,,,,,,,,,,,,,,,,,,,,,,,,,,,,,,,,,,,,,,,,,,,,,,,,,,,,,,,,,,,,,,,,,,,,,,1.0,76.0,3.0,0.0,10.0,6.0,1.0,64.0,,,,4190.0,,5.0,,,,1.0,,,,,,,,,,,,,,,,,,,,,,,,,,,,,,,,,,,,,,
AT,ESS1-8e01,1.0,12.12.2018,63.0,ESS1e06_6,1.0,6.6,98.0,1.5943,1.24332772194965,0.271487505538325,1.0,2.0,,,,,,,,,,,,,,,,,,,,,,,,,,,,,,,,,,,,,,,,,,,,,,,,,,,,,,,,,,,,,,,,,,,,,,,,,,,,,,,,,,,,,,,,,,,,,,,,,,,,,,,,,,,,,,,,,,,,,,,,,,,,,,,,,,,,,,,,,,,,,,2.0,50.0,5.0,0.0,15.0,1.0,1.0,80.0,,,,3310.0,,,,,,1.0,,,,,,,,,,,,,,,,,,,,,,,,,,,,,,,,,,,,,,
AT,ESS1-8e01,1.0,12.12.2018,64.0,ESS1e06_6,1.0,6.6,100.0,0.7972,0.87615806647731,0.271487505538325,1.0,2.0,,,,,,,,,,,,,,,,,,,,,,,,,,,,,,,,,,,,,,,,,,,,,,,,,,,,,,,,,,,,,,,,,,,,,,,,,,,,,,,,,,,,,,,,,,,,,,,,,,,,,,,,,,,,,,,,,,,,,,,,,,,,,,,,,,,,,,,,,,,,,,1.0,80.0,3.0,0.0,12.0,6.0,1.0,40.0,,,,4215.0,,,,,,1.0,,,,,,,,,,,,,,,,,,,,,,,,,,,,,,,,,,,,,,
AT,ESS1-8e01,1.0,12.12.2018,65.0,ESS1e06_6,1.0,6.6,101.0,0.3986,0.328592607846596,0.271487505538325,1.0,2.0,,,,,,,,,,,,,,,,,,,,,,,,,,,,,,,,,,,,,,,,,,,,,,,,,,,,,,,,,,,,,,,,,,,,,,,,,,,,,,,,,,,,,,,,,,,,,,,,,,,,,,,,,,,,,,,,,,,,,,,,,,,,,,,,,,,,,,,,,,,,,,1.0,74.0,2.0,0.0,13.0,6.0,1.0,33.0,,,,4120.0,,3.0,,,,1.0,,,,,,,,,,,,,,,,,,,,,,,,,,,,,,,,,,,,,,
AT,ESS1-8e01,1.0,12.12.2018,66.0,ESS1e06_6,1.0,6.6,102.0,0.7972,1.16574303979334,0.271487505538325,1.0,4.0,,,,,,,,,,,,,,,,,,,,,,,,,,,,,,,,,,,,,,,,,,,,,,,,,,,,,,,,,,,,,,,,,,,,,,,,,,,,,,,,,,,,,,,,,,,,,,,,,,,,,,,,,,,,,,,,,,,,,,,,,,,,,,,,,,,,,,,,,,,,,,1.0,42.0,5.0,0.0,18.0,1.0,1.0,85.0,,,,2221.0,,10.0,,,,1.0,,,,,,,,,,,,,,,,,,,,,,,,,,,,,,,,,,,,,,
AT,ESS1-8e01,1.0,12.12.2018,67.0,ESS1e06_6,1.0,6.6,103.0,0.3986,0.438079033238655,0.271487505538325,1.0,2.0,,,,,,,,,,,,,,,,,,,,,,,,,,,,,,,,,,,,,,,,,,,,,,,,,,,,,,,,,,,,,,,,,,,,,,,,,,,,,,,,,,,,,,,,,,,,,,,,,,,,,,,,,,,,,,,,,,,,,,,,,,,,,,,,,,,,,,,,,,,,,,1.0,77.0,3.0,0.0,13.0,6.0,1.0,51.0,,,,4121.0,,4.0,,,,1.0,,,,,,,,,,,,,,,,,,,,,,,,,,,,,,,,,,,,,,
AT,ESS1-8e01,1.0,12.12.2018,68.0,ESS1e06_6,1.0,6.6,104.0,1.5943,1.16101668790719,0.271487505538325,1.0,3.0,,,,,,,,,,,,,,,,,,,,,,,,,,,,,,,,,,,,,,,,,,,,,,,,,,,,,,,,,,,,,,,,,,,,,,,,,,,,,,,,,,,,,,,,,,,,,,,,,,,,,,,,,,,,,,,,,,,,,,,,,,,,,,,,,,,,,,,,,,,,,,2.0,43.0,2.0,0.0,9.0,1.0,1.0,,,,,9132.0,,,,,,1.0,,,,,,,,,,,,,,,,,,,,,,,,,,,,,,,,,,,,,,
AT,ESS1-8e01,1.0,12.12.2018,69.0,ESS1e06_6,1.0,6.6,106.0,1.5943,1.31428799470604,0.271487505538325,1.0,2.0,,,,,,,,,,,,,,,,,,,,,,,,,,,,,,,,,,,,,,,,,,,,,,,,,,,,,,,,,,,,,,,,,,,,,,,,,,,,,,,,,,,,,,,,,,,,,,,,,,,,,,,,,,,,,,,,,,,,,,,,,,,,,,,,,,,,,,,,,,,,,,1.0,66.0,2.0,0.0,12.0,6.0,1.0,52.0,,,,4132.0,,,,,,1.0,,,,,,,,,,,,,,,,,,,,,,,,,,,,,,,,,,,,,,
AT,ESS1-8e01,1.0,12.12.2018,70.0,ESS1e06_6,1.0,6.6,108.0,0.7972,0.580544755441018,0.271487505538325,1.0,1.0,,,,,,,,,,,,,,,,,,,,,,,,,,,,,,,,,,,,,,,,,,,,,,,,,,,,,,,,,,,,,,,,,,,,,,,,,,,,,,,,,,,,,,,,,,,,,,,,,,,,,,,,,,,,,,,,,,,,,,,,,,,,,,,,,,,,,,,,,,,,,,2.0,50.0,2.0,0.0,9.0,1.0,1.0,45.0,,,,9132.0,,9.0,,,,1.0,,,,,,,,,,,,,,,,,,,,,,,,,,,,,,,,,,,,,,
AT,ESS1-8e01,1.0,12.12.2018,71.0,ESS1e06_6,1.0,6.6,110.0,1.0073,1.48362007166587,0.271487505538325,1.0,1.0,,,,,,,,,,,,,,,,,,,,,,,,,,,,,,,,,,,,,,,,,,,,,,,,,,,,,,,,,,,,,,,,,,,,,,,,,,,,,,,,,,,,,,,,,,,,,,,,,,,,,,,,,,,,,,,,,,,,,,,,,,,,,,,,,,,,,,,,,,,,,,2.0,62.0,2.0,0.0,8.0,6.0,1.0,85.0,,,,9132.0,,5.0,,,,1.0,,,,,,,,,,,,,,,,,,,,,,,,,,,,,,,,,,,,,,
AT,ESS1-8e01,1.0,12.12.2018,72.0,ESS1e06_6,1.0,6.6,112.0,1.3431,1.47612631596297,0.271487505538325,1.0,3.0,,,,,,,,,,,,,,,,,,,,,,,,,,,,,,,,,,,,,,,,,,,,,,,,,,,,,,,,,,,,,,,,,,,,,,,,,,,,,,,,,,,,,,,,,,,,,,,,,,,,,,,,,,,,,,,,,,,,,,,,,,,,,,,,,,,,,,,,,,,,,,1.0,56.0,3.0,0.0,14.0,1.0,2.0,52.0,,,,5220.0,,,,,,1.0,,,,,,,,,,,,,,,,,,,,,,,,,,,,,,,,,,,,,,
AT,ESS1-8e01,1.0,12.12.2018,73.0,ESS1e06_6,1.0,6.6,114.0,1.0073,1.00275245989157,0.271487505538325,1.0,,,,,,,,,,,,,,,,,,,,,,,,,,,,,,,,,,,,,,,,,,,,,,,,,,,,,,,,,,,,,,,,,,,,,,,,,,,,,,,,,,,,,,,,,,,,,,,,,,,,,,,,,,,,,,,,,,,,,,,,,,,,,,,,,,,,,,,,,,,,,,,1.0,54.0,3.0,0.0,14.0,1.0,1.0,70.0,,,,3413.0,,10.0,,,,1.0,,,,,,,,,,,,,,,,,,,,,,,,,,,,,,,,,,,,,,
AT,ESS1-8e01,1.0,12.12.2018,74.0,ESS1e06_6,1.0,6.6,115.0,0.6716,0.738118110193379,0.271487505538325,1.0,,,,,,,,,,,,,,,,,,,,,,,,,,,,,,,,,,,,,,,,,,,,,,,,,,,,,,,,,,,,,,,,,,,,,,,,,,,,,,,,,,,,,,,,,,,,,,,,,,,,,,,,,,,,,,,,,,,,,,,,,,,,,,,,,,,,,,,,,,,,,,,1.0,72.0,3.0,0.0,16.0,6.0,,,,,,,,,,,,1.0,,,,,,,,,,,,,,,,,,,,,,,,,,,,,,,,,,,,,,
AT,ESS1-8e01,1.0,12.12.2018,75.0,ESS1e06_6,1.0,6.6,117.0,0.3358,0.494589119493102,0.271487505538325,1.0,,,,,,,,,,,,,,,,,,,,,,,,,,,,,,,,,,,,,,,,,,,,,,,,,,,,,,,,,,,,,,,,,,,,,,,,,,,,,,,,,,,,,,,,,,,,,,,,,,,,,,,,,,,,,,,,,,,,,,,,,,,,,,,,,,,,,,,,,,,,,,,2.0,77.0,1.0,0.0,,6.0,1.0,18.0,,,,9320.0,,,,,,1.0,,,,,,,,,,,,,,,,,,,,,,,,,,,,,,,,,,,,,,
AT,ESS1-8e01,1.0,12.12.2018,76.0,ESS1e06_6,1.0,6.6,118.0,1.3431,1.24699493143107,0.271487505538325,1.0,1.0,,,,,,,,,,,,,,,,,,,,,,,,,,,,,,,,,,,,,,,,,,,,,,,,,,,,,,,,,,,,,,,,,,,,,,,,,,,,,,,,,,,,,,,,,,,,,,,,,,,,,,,,,,,,,,,,,,,,,,,,,,,,,,,,,,,,,,,,,,,,,,2.0,19.0,3.0,0.0,15.0,3.0,3.0,,,,,5123.0,,6.0,,,,1.0,,,,,,,,,,,,,,,,,,,,,,,,,,,,,,,,,,,,,,
AT,ESS1-8e01,1.0,12.12.2018,77.0,ESS1e06_6,1.0,6.6,122.0,1.0042,0.731288313364112,0.271487505538325,1.0,1.0,,,,,,,,,,,,,,,,,,,,,,,,,,,,,,,,,,,,,,,,,,,,,,,,,,,,,,,,,,,,,,,,,,,,,,,,,,,,,,,,,,,,,,,,,,,,,,,,,,,,,,,,,,,,,,,,,,,,,,,,,,,,,,,,,,,,,,,,,,,,,,2.0,42.0,2.0,0.0,9.0,8.0,1.0,,,,,7436.0,,6.0,,,,1.0,,,,,,,,,,,,,,,,,,,,,,,,,,,,,,,,,,,,,,
AT,ESS1-8e01,1.0,12.12.2018,78.0,ESS1e06_6,1.0,6.6,124.0,1.0042,1.46843848539949,0.271487505538325,1.0,1.0,,,,,,,,,,,,,,,,,,,,,,,,,,,,,,,,,,,,,,,,,,,,,,,,,,,,,,,,,,,,,,,,,,,,,,,,,,,,,,,,,,,,,,,,,,,,,,,,,,,,,,,,,,,,,,,,,,,,,,,,,,,,,,,,,,,,,,,,,,,,,,1.0,46.0,5.0,0.0,18.0,1.0,1.0,32.0,,,,1210.0,,11.0,,,,1.0,,,,,,,,,,,,,,,,,,,,,,,,,,,,,,,,,,,,,,
AT,ESS1-8e01,1.0,12.12.2018,79.0,ESS1e06_6,1.0,6.6,126.0,1.2553,0.954682887407389,0.271487505538325,1.0,1.0,,,,,,,,,,,,,,,,,,,,,,,,,,,,,,,,,,,,,,,,,,,,,,,,,,,,,,,,,,,,,,,,,,,,,,,,,,,,,,,,,,,,,,,,,,,,,,,,,,,,,,,,,,,,,,,,,,,,,,,,,,,,,,,,,,,,,,,,,,,,,,2.0,45.0,3.0,0.0,12.0,1.0,1.0,85.0,,,,3320.0,,5.0,,,,1.0,,,,,,,,,,,,,,,,,,,,,,,,,,,,,,,,,,,,,,
AT,ESS1-8e01,1.0,12.12.2018,80.0,ESS1e06_6,1.0,6.6,128.0,1.0042,0.99966645510088,0.271487505538325,1.0,1.0,,,,,,,,,,,,,,,,,,,,,,,,,,,,,,,,,,,,,,,,,,,,,,,,,,,,,,,,,,,,,,,,,,,,,,,,,,,,,,,,,,,,,,,,,,,,,,,,,,,,,,,,,,,,,,,,,,,,,,,,,,,,,,,,,,,,,,,,,,,,,,1.0,45.0,3.0,0.0,13.0,1.0,1.0,32.0,,,,1231.0,,9.0,,,,1.0,,,,,,,,,,,,,,,,,,,,,,,,,,,,,,,,,,,,,,
AT,ESS1-8e01,1.0,12.12.2018,81.0,ESS1e06_6,1.0,6.6,129.0,1.2553,1.24963284314691,0.271487505538325,1.0,1.0,,,,,,,,,,,,,,,,,,,,,,,,,,,,,,,,,,,,,,,,,,,,,,,,,,,,,,,,,,,,,,,,,,,,,,,,,,,,,,,,,,,,,,,,,,,,,,,,,,,,,,,,,,,,,,,,,,,,,,,,,,,,,,,,,,,,,,,,,,,,,,1.0,38.0,3.0,0.0,14.0,1.0,2.0,60.0,,,,1226.0,,9.0,,,,1.0,,,,,,,,,,,,,,,,,,,,,,,,,,,,,,,,,,,,,,
AT,ESS1-8e01,1.0,12.12.2018,82.0,ESS1e06_6,1.0,6.6,130.0,0.5021,0.526446912512752,0.271487505538325,1.0,1.0,,,,,,,,,,,,,,,,,,,,,,,,,,,,,,,,,,,,,,,,,,,,,,,,,,,,,,,,,,,,,,,,,,,,,,,,,,,,,,,,,,,,,,,,,,,,,,,,,,,,,,,,,,,,,,,,,,,,,,,,,,,,,,,,,,,,,,,,,,,,,,2.0,33.0,5.0,0.0,17.0,1.0,1.0,80.0,,,,2331.0,,8.0,,,,1.0,,,,,,,,,,,,,,,,,,,,,,,,,,,,,,,,,,,,,,
AT,ESS1-8e01,1.0,12.12.2018,83.0,ESS1e06_6,1.0,6.6,132.0,0.7532,0.572824942878392,0.271487505538325,1.0,1.0,,,,,,,,,,,,,,,,,,,,,,,,,,,,,,,,,,,,,,,,,,,,,,,,,,,,,,,,,,,,,,,,,,,,,,,,,,,,,,,,,,,,,,,,,,,,,,,,,,,,,,,,,,,,,,,,,,,,,,,,,,,,,,,,,,,,,,,,,,,,,,2.0,40.0,3.0,0.0,13.0,1.0,1.0,50.0,,,,4121.0,,9.0,,,,1.0,,,,,,,,,,,,,,,,,,,,,,,,,,,,,,,,,,,,,,
AT,ESS1-8e01,1.0,12.12.2018,84.0,ESS1e06_6,1.0,6.6,133.0,0.4734,0.34823755513268,0.271487505538325,1.0,,,,,,,,,,,,,,,,,,,,,,,,,,,,,,,,,,,,,,,,,,,,,,,,,,,,,,,,,,,,,,,,,,,,,,,,,,,,,,,,,,,,,,,,,,,,,,,,,,,,,,,,,,,,,,,,,,,,,,,,,,,,,,,,,,,,,,,,,,,,,,,2.0,35.0,3.0,0.0,13.0,1.0,1.0,,,,,5149.0,,,,,,2.0,,,,,,,,,,,,,,,,,,,,,,,,,,,,,,,,,,,,,,
AT,ESS1-8e01,1.0,12.12.2018,85.0,ESS1e06_6,1.0,6.6,134.0,0.4734,0.573457485024474,0.271487505538325,1.0,4.0,,,,,,,,,,,,,,,,,,,,,,,,,,,,,,,,,,,,,,,,,,,,,,,,,,,,,,,,,,,,,,,,,,,,,,,,,,,,,,,,,,,,,,,,,,,,,,,,,,,,,,,,,,,,,,,,,,,,,,,,,,,,,,,,,,,,,,,,,,,,,,1.0,26.0,3.0,0.0,14.0,1.0,1.0,93.0,,,,3420.0,,,,,,2.0,,,,,,,,,,,,,,,,,,,,,,,,,,,,,,,,,,,,,,
AT,ESS1-8e01,1.0,12.12.2018,86.0,ESS1e06_6,1.0,6.6,135.0,0.4734,0.34823755513268,0.271487505538325,1.0,,,,,,,,,,,,,,,,,,,,,,,,,,,,,,,,,,,,,,,,,,,,,,,,,,,,,,,,,,,,,,,,,,,,,,,,,,,,,,,,,,,,,,,,,,,,,,,,,,,,,,,,,,,,,,,,,,,,,,,,,,,,,,,,,,,,,,,,,,,,,,,2.0,40.0,3.0,0.0,13.0,1.0,1.0,52.0,,,,4190.0,,,,,,2.0,,,,,,,,,,,,,,,,,,,,,,,,,,,,,,,,,,,,,,
AT,ESS1-8e01,1.0,12.12.2018,87.0,ESS1e06_6,1.0,6.6,136.0,0.4734,0.739209411222668,0.271487505538325,3.0,,,,,,,,,,,,,,,,,,,,,,,,,,,,,,,,,,,,,,,,,,,,,,,,,,,,,,,,,,,,,,,,,,,,,,,,,,,,,,,,,,,,,,,,,,,,,,,,,,,,,,,,,,,,,,,,,,,,,,,,,,,,,,,,,,,,,,,,,,,,,,,1.0,30.0,5.0,0.0,19.0,1.0,1.0,80.0,,,,3400.0,,3.0,,,,2.0,,,,,,,,,,,,,,,,,,,,,,,,,,,,,,,,,,,,,,
AT,ESS1-8e01,1.0,12.12.2018,88.0,ESS1e06_6,1.0,6.6,137.0,0.4734,0.739209411222668,0.271487505538325,2.0,,,,,,,,,,,,,,,,,,,,,,,,,,,,,,,,,,,,,,,,,,,,,,,,,,,,,,,,,,,,,,,,,,,,,,,,,,,,,,,,,,,,,,,,,,,,,,,,,,,,,,,,,,,,,,,,,,,,,,,,,,,,,,,,,,,,,,,,,,,,,,,1.0,28.0,5.0,0.0,18.0,1.0,1.0,65.0,,,,4212.0,,1.0,,,,2.0,,,,,,,,,,,,,,,,,,,,,,,,,,,,,,,,,,,,,,
AT,ESS1-8e01,1.0,12.12.2018,89.0,ESS1e06_6,1.0,6.6,138.0,0.4734,0.4251286122839,0.271487505538325,1.0,1.0,,,,,,,,,,,,,,,,,,,,,,,,,,,,,,,,,,,,,,,,,,,,,,,,,,,,,,,,,,,,,,,,,,,,,,,,,,,,,,,,,,,,,,,,,,,,,,,,,,,,,,,,,,,,,,,,,,,,,,,,,,,,,,,,,,,,,,,,,,,,,,2.0,27.0,3.0,0.0,14.0,1.0,1.0,51.0,,,,5220.0,,1.0,,,,2.0,,,,,,,,,,,,,,,,,,,,,,,,,,,,,,,,,,,,,,
AT,ESS1-8e01,1.0,12.12.2018,90.0,ESS1e06_6,1.0,6.6,140.0,0.4734,0.455825794984932,0.271487505538325,2.0,,,,,,,,,,,,,,,,,,,,,,,,,,,,,,,,,,,,,,,,,,,,,,,,,,,,,,,,,,,,,,,,,,,,,,,,,,,,,,,,,,,,,,,,,,,,,,,,,,,,,,,,,,,,,,,,,,,,,,,,,,,,,,,,,,,,,,,,,,,,,,,1.0,43.0,3.0,0.0,14.0,1.0,1.0,40.0,,,,7136.0,,1.0,,,,2.0,,,,,,,,,,,,,,,,,,,,,,,,,,,,,,,,,,,,,,
AT,ESS1-8e01,1.0,12.12.2018,91.0,ESS1e06_6,1.0,6.6,145.0,0.9469,1.00659561144373,0.271487505538325,1.0,3.0,,,,,,,,,,,,,,,,,,,,,,,,,,,,,,,,,,,,,,,,,,,,,,,,,,,,,,,,,,,,,,,,,,,,,,,,,,,,,,,,,,,,,,,,,,,,,,,,,,,,,,,,,,,,,,,,,,,,,,,,,,,,,,,,,,,,,,,,,,,,,,1.0,60.0,3.0,0.0,10.0,4.0,1.0,66.0,,,,4120.0,,5.0,,,,2.0,,,,,,,,,,,,,,,,,,,,,,,,,,,,,,,,,,,,,,
AT,ESS1-8e01,1.0,12.12.2018,92.0,ESS1e06_6,1.0,6.6,146.0,1.8938,1.82349575526502,0.271487505538325,1.0,1.0,,,,,,,,,,,,,,,,,,,,,,,,,,,,,,,,,,,,,,,,,,,,,,,,,,,,,,,,,,,,,,,,,,,,,,,,,,,,,,,,,,,,,,,,,,,,,,,,,,,,,,,,,,,,,,,,,,,,,,,,,,,,,,,,,,,,,,,,,,,,,,1.0,54.0,3.0,0.0,13.0,1.0,1.0,65.0,,,,4212.0,,6.0,,,,2.0,,,,,,,,,,,,,,,,,,,,,,,,,,,,,,,,,,,,,,
AT,ESS1-8e01,1.0,12.12.2018,93.0,ESS1e06_6,1.0,6.6,147.0,0.4734,0.455825794984932,0.271487505538325,1.0,,,,,,,,,,,,,,,,,,,,,,,,,,,,,,,,,,,,,,,,,,,,,,,,,,,,,,,,,,,,,,,,,,,,,,,,,,,,,,,,,,,,,,,,,,,,,,,,,,,,,,,,,,,,,,,,,,,,,,,,,,,,,,,,,,,,,,,,,,,,,,,1.0,41.0,3.0,0.0,14.0,1.0,1.0,75.0,,,,3449.0,,4.0,,,,2.0,,,,,,,,,,,,,,,,,,,,,,,,,,,,,,,,,,,,,,
AT,ESS1-8e01,1.0,12.12.2018,94.0,ESS1e06_6,1.0,6.6,148.0,0.4734,0.4251286122839,0.271487505538325,1.0,1.0,,,,,,,,,,,,,,,,,,,,,,,,,,,,,,,,,,,,,,,,,,,,,,,,,,,,,,,,,,,,,,,,,,,,,,,,,,,,,,,,,,,,,,,,,,,,,,,,,,,,,,,,,,,,,,,,,,,,,,,,,,,,,,,,,,,,,,,,,,,,,,2.0,33.0,3.0,0.0,12.0,1.0,1.0,75.0,,,,4190.0,,5.0,,,,2.0,,,,,,,,,,,,,,,,,,,,,,,,,,,,,,,,,,,,,,
AT,ESS1-8e01,1.0,12.12.2018,95.0,ESS1e06_6,1.0,6.6,152.0,0.9469,1.14703610597735,0.271487505538325,1.0,,,,,,,,,,,,,,,,,,,,,,,,,,,,,,,,,,,,,,,,,,,,,,,,,,,,,,,,,,,,,,,,,,,,,,,,,,,,,,,,,,,,,,,,,,,,,,,,,,,,,,,,,,,,,,,,,,,,,,,,,,,,,,,,,,,,,,,,,,,,,,,1.0,23.0,3.0,0.0,15.0,2.0,,,,,,,,3.0,,,,2.0,,,,,,,,,,,,,,,,,,,,,,,,,,,,,,,,,,,,,,
AT,ESS1-8e01,1.0,12.12.2018,96.0,ESS1e06_6,1.0,6.6,154.0,0.4734,0.4251286122839,0.271487505538325,1.0,1.0,,,,,,,,,,,,,,,,,,,,,,,,,,,,,,,,,,,,,,,,,,,,,,,,,,,,,,,,,,,,,,,,,,,,,,,,,,,,,,,,,,,,,,,,,,,,,,,,,,,,,,,,,,,,,,,,,,,,,,,,,,,,,,,,,,,,,,,,,,,,,,2.0,23.0,3.0,0.0,12.0,7.0,1.0,52.0,,,,5220.0,,4.0,,,,2.0,,,,,,,,,,,,,,,,,,,,,,,,,,,,,,,,,,,,,,
AT,ESS1-8e01,1.0,12.12.2018,97.0,ESS1e06_6,1.0,6.6,156.0,0.4734,0.567254042993145,0.271487505538325,2.0,,,,,,,,,,,,,,,,,,,,,,,,,,,,,,,,,,,,,,,,,,,,,,,,,,,,,,,,,,,,,,,,,,,,,,,,,,,,,,,,,,,,,,,,,,,,,,,,,,,,,,,,,,,,,,,,,,,,,,,,,,,,,,,,,,,,,,,,,,,,,,,2.0,58.0,3.0,0.0,10.0,6.0,1.0,75.0,,,,3443.0,,7.0,,,,2.0,,,,,,,,,,,,,,,,,,,,,,,,,,,,,,,,,,,,,,
AT,ESS1-8e01,1.0,12.12.2018,98.0,ESS1e06_6,1.0,6.6,158.0,0.4734,0.377471781464082,0.271487505538325,2.0,,,,,,,,,,,,,,,,,,,,,,,,,,,,,,,,,,,,,,,,,,,,,,,,,,,,,,,,,,,,,,,,,,,,,,,,,,,,,,,,,,,,,,,,,,,,,,,,,,,,,,,,,,,,,,,,,,,,,,,,,,,,,,,,,,,,,,,,,,,,,,,1.0,78.0,1.0,0.0,,6.0,1.0,21.0,,,,9320.0,,4.0,,,,2.0,,,,,,,,,,,,,,,,,,,,,,,,,,,,,,,,,,,,,,
AT,ESS1-8e01,1.0,12.12.2018,99.0,ESS1e06_6,1.0,6.6,159.0,0.9469,0.850347027823458,0.271487505538325,1.0,,,,,,,,,,,,,,,,,,,,,,,,,,,,,,,,,,,,,,,,,,,,,,,,,,,,,,,,,,,,,,,,,,,,,,,,,,,,,,,,,,,,,,,,,,,,,,,,,,,,,,,,,,,,,,,,,,,,,,,,,,,,,,,,,,,,,,,,,,,,,,,2.0,33.0,3.0,0.0,13.0,9.0,1.0,,,,,,,,,,,2.0,,,,,,,,,,,,,,,,,,,,,,,,,,,,,,,,,,,,,,
AT,ESS1-8e01,1.0,12.12.2018,100.0,ESS1e06_6,1.0,6.6,160.0,0.9469,1.34897445347641,0.271487505538325,1.0,1.0,,,,,,,,,,,,,,,,,,,,,,,,,,,,,,,,,,,,,,,,,,,,,,,,,,,,,,,,,,,,,,,,,,,,,,,,,,,,,,,,,,,,,,,,,,,,,,,,,,,,,,,,,,,,,,,,,,,,,,,,,,,,,,,,,,,,,,,,,,,,,,2.0,73.0,1.0,0.0,,6.0,,,,,,,,8.0,,,,2.0,,,,,,,,,,,,,,,,,,,,,,,,,,,,,,,,,,,,,,
