name,essround,edition,proddate,idno,cntry,dweight,pspwght,pweight,anweight,tvtot,tvpol,rdtot,rdpol,nwsptot,nwsppol,netuse,ppltrst,pplfair,pplhlp,polintr,trstlgl,trstplc,trstplt,trstep,trstun,trstprt,trstprl,vote,prtvtcbe,prtvtbbg,prtvtcch,prtvtcy,prtvtbcz,prtvcde1,prtvcde2,prtvtbdk,prtvtcee,prtvtbes,prtvtbfi,prtvtbfr,prtvtgb,prtvtcgr,prtvthr,prtvtchu,prtvtaie,prtvtbil,prtvlt1,prtvlt2,prtvlt3,prtvtdnl,prtvtano,prtvtbpl,prtvtbpt,prtvtbru,prtvtase,prtvtcsi,prtvtbsk,prtvtbua,contplt,wrkprty,wrkorg,badge,sgnptit,pbldmn,bctprd,clsprty,prtclcbe,prtclbbg,prtclcch,prtclcy,prtclbcz,prtclcde,prtclbdk,prtclcee,prtclbes,prtclbfi,prtclcfr,prtclgb,prtclcgr,prtclhr,prtclchu,prtclcie,prtclbil,prtcllt,prtclcnl,prtclano,prtcldpl,prtclcpt,prtclbru,prtclase,prtclcsi,prtclbsk,prtclcua,prtdgcl,mmbprty,prtmbcbe,prtmbbbg,prtmbcch,prtmbcy,prtmbbcz,prtmbcde,prtmbbdk,prtmbcee,prtmbbes,prtmbbfi,prtmbcfr,prtmbgb,prtmbcgr,prtmbhr,prtmbchu,prtmbbie,prtmbbil,prtmblt,prtmbcnl,prtmbano,prtmbdpl,prtmbbpt,prtmbbru,prtmbase,prtmbcsi,prtmbbsk,prtmbcua,lrscale,stflife,stfeco,stfgov,stfdem,stfedu,stfhlth,gincdif,freehms,prtyban,scnsenv,imsmetn,imdfetn,impcntr,imbgeco,imueclt,imwbcnt,happy,sclmeet,inmdisc,sclact,crmvct,aesfdrk,brghmwr,brghmef,crvctwr,crvctef,health,hlthhmp,rlgblg,rlgdnm,rlgdnbe,rlgdnach,rlgdncy,rlgdnde,rlgdndk,rlgdnafi,rlgdngb,rlgdnagr,rlgdnhu,rlgdnie,rlgdnil,rlgdnlt,rlgdnnl,rlgdnno,rlgdnapl,rlgdnpt,rlgdnaru,rlgdnase,rlgdnsi,rlgdnsk,rlgdnua,rlgblge,rlgdnme,rlgdebe,rlgdeach,rlgdecy,rlgdede,rlgdedk,rlgdeafi,rlgdegb,rlgdeagr,rlgdehu,rlgdeie,rlgdeil,rlgdelt,rlgdenl,rlgdeno,rlgdeapl,rlgdept,rlgdearu,rlgdease,rlgdesi,rlgdesk,rlgdeua,rlgdgr,rlgatnd,pray,dscrgrp,dscrrce,dscrntn,dscrrlg,dscrlng,dscretn,dscrage,dscrgnd,dscrsex,dscrdsb,dscroth,dscrdk,dscrref,dscrnap,dscrna,ctzcntr,ctzshipb,brncntr,cntbrthb,livecnta,lnghom1,lnghom2,blgetmg,facntr,fbrncnta,mocntr,mbrncnta,jbtmppm,rsnlvem,pphincr,edul12m,useknwl,edupdem,gdsprt,clmrlx,actvgrs,wmcpwrk,mnrgtjb,gvprppv,fltlnla,mlohinc,dsdclve,cuthheq,yrspdwka,icmnact,jbtsktm,yrskdwk,wrkengt,wkovrtm,wrkwe,yrcremp,emplrjb,mnrsefw,scrsefw,jbcoedu,jbedyrs,jblrn,vrtywrk,jbrqlrn,wgdpeft,hlpcowk,hlthrwk,dcsfwrk,jbscr,lsintjb,wrkhrd,nevdnjb,oprtad,bsmw,ppwwkp,bseftwk,smblvjb,rpljbde,wpmwkcp,indisdc,truinwk,pdaprpa,wrywprb,trdawrk,jbprtfp,icnopfma,pfmfdjba,frsptjb,dfcnswka,stfmjob,stfjbot,wkjbndm,grspaya,payprda,linwk3y,rdpay3y,wkshr3y,lscjb3y,orgfd3y,npemp3y,icagu70a,ipjbini,ipjbscr,ipjbhin,ipjbwfm,ipjbtro,pdjbndm,uemp3y,wkhsch,icptn,pwkhsch,puemp3y,hwwkhs,phwwkhs,dsgrmnya,icptnwka,wkengtp,wkovtmp,ptnwkwe,icmnart,rtryr,wntrtr,icago45,agertr,plnchld,insclwr,bystlwr,trfowr,insclct,bystlct,trfoct,plcjbcn,plccont,plcstf,plcvcrp,plcvcrc,plcpvcr,plccbrg,plcarcr,plcrspc,plcfrdc,plcexdc,bplcdc,doplcsy,dpcstrb,plcrgwr,plcipvl,gsupplc,plciplt,plccbrb,ctjbcnt,ctmtgfr,ctfrdc,wraccrp,wraccrc,jdgcbrb,ctprpwr,hrshsnta,dbctvrd,lwstrob,rgbrklw,ctinplt,stcbg2t,tmprs,caplcst,widprsn,wevdct,flsin5y,bstln5y,troff5y,hhmmb,gndr,gndr2,gndr3,gndr4,gndr5,gndr6,gndr7,gndr8,gndr9,gndr10,gndr11,gndr12,gndr13,gndr14,yrbrn,agea,yrbrn2,yrbrn3,yrbrn4,yrbrn5,yrbrn6,yrbrn7,yrbrn8,yrbrn9,yrbrn10,yrbrn11,yrbrn12,yrbrn13,yrbrn14,rshipa2,rshipa3,rshipa4,rshipa5,rshipa6,rshipa7,rshipa8,rshipa9,rshipa10,rshipa11,rshipa12,rshipa13,rshipa14,icpart1,rshpsts,lvgptnea,dvrcdeva,icpart2,iccohbt,marsts,marstie,maritalb,chldhm,chldhhe,fxltph,domicil,edulvlb,eisced,edlvdbe,edlvdbg,edlvdch,edlvdcy,edlvdcz,edude1,edude2,edude3,edlvddk,edlvdee,edlvdes,edlvdfi,edlvdfr,edugb1,edugb2,edagegb,edlvdgr,edlvdhr,edlvdhu,edlvdie,eduil1,eduil2,edlvdlt,edlvdnl,edlvdno,edlvdpl,eduyrpl,edupl2,edlvdpt,edlvdru,edlvdse,edlvdsi,edlvdsk,edlvdua,eduyrs,pdwrk,edctn,uempla,uempli,dsbld,rtrd,cmsrv,hswrk,dngoth,dngref,dngdk,dngna,mainact,mnactic,crpdwk,pdjobev,pdjobyr,emplrel,emplno,wrkctra,estsz,jbspv,njbspv,wkdcorga,iorgact,wkdcpce,wkhct,wkhtot,nacer2,tporgwk,iscoco,wrkac6m,uemp3m,uemp12m,uemp5yr,mbtru,hincsrca,hinctnta,hincfel,brwmny,icpart3,edulvlpb,eiscedp,edlvpdbe,edlvpdbg,edlvpdch,edlvpdcy,edlvpdcz,edupde1,edupde2,edupde3,edlvpddk,edlvpdee,edlvpdes,edlvpdfi,edlvpdfr,edupgb1,edupgb2,edagepgb,edlvpdgr,edlvpdhr,edlvpdhu,edlvpdie,edupil1,edupil2,edlvpdlt,edlvpdnl,edlvpdno,edlvpdpl,eduyrppl,eduppl2,edlvpdpt,edlvpdru,edlvpdse,edlvpdsi,edlvpdsk,edlvpdua,pdwrkp,edctnp,uemplap,uemplip,dsbldp,rtrdp,cmsrvp,hswrkp,dngothp,dngnapp,dngrefp,dngdkp,dngnap,mnactp,crpdwkp,iscocop,emprelp,emplnop,jbspvp,njbspvp,wkhtotp,edulvlfb,eiscedf,edlvfdbe,edlvfdbg,edlvfdch,edlvfdcy,edlvfdcz,edufde1,edufde2,edufde3,edlvfddk,edlvfdee,edlvfdes,edlvfdfi,edlvfdfr,edufgb1,edufgb2,edagefgb,edlvfdgr,edlvfdhr,edlvfdhu,edlvfdie,edufil1,edufil2,edlvfdlt,edlvfdnl,edlvfdno,edlvfdpl,edlvfdpt,edlvfdru,edlvfdse,edlvfdsi,edlvfdsk,edlvfdua,emprf14,emplnof,jbspvf,occf14b,edulvlmb,eiscedm,edlvmdbe,edlvmdbg,edlvmdch,edlvmdcy,edlvmdcz,edumde1,edumde2,edumde3,edlvmddk,edlvmdee,edlvmdes,edlvmdfi,edlvmdfr,edumgb1,edumgb2,edagemgb,edlvmdgr,edlvmdhr,edlvmdhu,edlvmdie,edumil1,edumil2,edlvmdlt,edlvmdnl,edlvmdno,edlvmdpl,edlvmdpt,edlvmdru,edlvmdse,edlvmdsi,edlvmdsk,edlvmdua,emprm14,emplnom,jbspvm,occm14b,atncrse,region,regunit,ipcrtiv,imprich,ipeqopt,ipshabt,impsafe,impdiff,ipfrule,ipudrst,ipmodst,ipgdtim,impfree,iphlppl,ipsuces,ipstrgv,ipadvnt,ipbhprp,iprspot,iplylfr,impenv,imptrad,impfun,intewde,inwdds,inwmms,inwyys,inwshh,inwsmm,inwdde,inwmme,inwyye,inwehh,inwemm,spltadmd,supqad1,supqad2,supqdd,supqmm,supqyr,inwtm
ESS5e03_5,5,3.5,23.11.2023,122606,BE,1.0,0.8534111976623535,0.5286191701889038,0.4511295258998871,4,0,7,1,1,1,6,7,7,6,3,7,7,5,5,5,5,6,1,2,,,,,,,,,,,,,,,,,,,,,,,,,,,,,,2,2,2,2,2,2,2,2,,,,,,,,,,,,,,,,,,,,,,,,,,,,,2,,,,,,,,,,,,,,,,,,,,,,,,,,,,5,8,6,5,5,8,8,4,2,2,2,3,3,3,5,6,5,9,4,1,3,2,1,4,,4,,2,3,1,1,1,,,,,,,,,,,,,,,,,,,,,,,,,,,,,,,,,,,,,,,,,,,,6,5,3,2,0,0,0,0,0,0,0,0,0,0,0,0,1,0,1,66,1,66,,DUT,000,2,1,66,1,66,,1,7,,,,1,1,1,2,4,2,1,0,0,0,34,1,4,34.0,1,6,4,1998,1,2,1,2,,2,2,1,2,3,2,2,3,1,1,4,4,1,1,8,8,8,2,,1,1,1,3,2,2,1,1,1,9,8,1,,,2,2,2,2,4,4,1,2,4,4,2,2,2,0,40,1,0.0,0,8,24,1,2,,,,2,,,1,60,,3,3,2,2,2,2,1,1,5,3,3,5,4,7,4,4,4,8,7,7,1,2,2,4,1,2,1,9,3,3,1,4,4,2,4,2,4,2,,4,4,4,1,1,2,3,1,1,2,,,,,,,,,,,,1959,52,1957,1960,,,,,,,,,,,,4,1,,,,,,,,,,,,1,1,2,2,1,2,,,1,2,1,2,2,323,4,8,,,,,,,,,,,,,,,,,,,,,,,,,,,,,,,,,,12,1,0,0,0,0,0,0,1,0,0,0,0,1,1,,,,1,,1,1,2,,5,2,7,40.0,50.0,41,4,7122,2,2,,,3,1,7,1,4,1,421,5,6,,,,,,,,,,,,,,,,,,,,,,,,,,,,,,,,,,0,0,0,0,0,0,0,1,0,0,0,0,0,,2,,,,,,,222,2,3,,,,,,,,,,,,,,,,,,,,,,,,,,,,,,,,1,,2,7,213,2,4,,,,,,,,,,,,,,,,,,,,,,,,,,,,,,,,3,,,,2,BE21,2,6,6,3,5,5,5,5,4,3,5,2,2,6,5,5,4,5,1,3,3,4,,28,4,2011,19,45,28,4,2011,20,51,3,,1,28,4,2011,66
ESS5e03_5,5,3.5,23.11.2023,116209,BE,1.0,0.8910440802574158,0.5286191701889038,0.47102299332618713,4,2,7,2,0,,6,4,6,5,2,6,6,5,7,7,5,3,1,13,,,,,,,,,,,,,,,,,,,,,,,,,,,,,,1,1,2,1,1,1,2,1,13,,,,,,,,,,,,,,,,,,,,,,,,,,,2,1,13,,,,,,,,,,,,,,,,,,,,,,,,,,,0,7,3,5,7,7,8,3,1,3,1,1,2,2,5,6,6,7,5,1,1,2,3,2,2,3,3,3,3,2,,,,,,,,,,,,,,,,,,,,,,,1,1,1,,,,,,,,,,,,,,,,,,,,,5,6,4,2,0,0,0,0,0,0,0,0,0,0,0,0,1,0,1,66,1,66,,FRE,000,2,1,66,1,66,,11,3,2,4,1,2,3,2,1,5,1,1,3,6,6,18,1,3,18.0,1,1,1,1992,4,5,6,1,2,4,2,4,2,4,1,1,4,1,4,5,3,1,3,8,4,7,1,1,1,1,1,3,3,2,1,1,3,8,7,1,,,1,2,1,2,4,2,1,4,5,4,5,4,1,0,32,2,,,,,,,,,,2,,,2,,1,2,4,2,2,4,3,3,1,1,2,1,6,7,6,3,3,2,8,8,8,4,2,3,3,5,2,7,6,2,1,5,2,3,2,1,3,2,2,,4,1,1,1,1,4,5,2,1,2,1,2,,,,,,,,,,1971,39,1943,1946,1997,2007,,,,,,,,,,3,3,2,2,,,,,,,,,,2,,2,1,2,,4,,4,1,,2,1,313,4,9,,,,,,,,,,,,,,,,,,,,,,,,,,,,,,,,,,12,1,0,0,0,0,0,0,0,0,0,0,0,,1,,,,1,,1,3,2,,8,5,5,38.0,46.0,,1,4121,2,1,2,2,1,4,10,2,3,2,,,,,,,,,,,,,,,,,,,,,,,,,,,,,,,,,,,,,0,0,0,0,0,0,0,0,0,1,0,0,0,,,,,,,,,313,4,9,,,,,,,,,,,,,,,,,,,,,,,,,,,,,,,,1,,1,3,213,2,4,,,,,,,,,,,,,,,,,,,,,,,,,,,,,,,,1,,2,3,1,BE33,2,2,3,1,2,2,2,2,2,3,3,3,2,2,1,3,1,2,1,2,1,3,,25,11,2010,19,30,25,11,2010,20,35,3,,1,25,11,2010,65
ESS5e03_5,5,3.5,23.11.2023,117101,BE,1.0,0.7928646206855774,0.5286191701889038,0.41912344098091125,2,1,7,2,1,1,7,3,6,2,4,5,5,2,2,4,2,1,1,7,,,,,,,,,,,,,,,,,,,,,,,,,,,,,,2,2,1,2,2,2,2,2,,,,,,,,,,,,,,,,,,,,,,,,,,,,,2,,,,,,,,,,,,,,,,,,,,,,,,,,,,5,8,1,1,2,7,8,2,1,2,4,2,2,2,3,5,1,8,6,1,3,2,2,4,,3,3,2,3,1,1,1,,,,,,,,,,,,,,,,,,,,,,,,,,,,,,,,,,,,,,,,,,,,4,7,5,2,0,0,0,0,0,0,0,0,0,0,0,0,1,0,1,66,1,66,,DUT,000,2,1,66,1,66,,2,5,,,,2,2,1,3,4,1,1,0,0,0,6,1,4,6.0,6,6,5,,,,,,,,,,,,,,,,,,,,,,,,,,,,3,2,2,2,2,1,1,9,7,2,,,2,2,2,2,4,3,1,5,4,4,4,4,2,0,50,2,,,,,,,,,,2,,,2,,,3,3,2,2,3,3,2,1,3,3,3,5,5,6,3,3,2,2,8,7,2,2,3,2,8,3,5,6,2,2,6,2,4,2,5,5,2,3,,4,4,4,1,1,2,2,1,1,,,,,,,,,,,,,1986,25,1962,,,,,,,,,,,,,3,,,,,,,,,,,,,2,,1,2,2,,6,,6,2,2,2,5,423,5,7,,,,,,,,,,,,,,,,,,,,,,,,,,,,,,,,,,13,1,0,0,0,0,0,0,0,0,0,0,0,,1,,,,2,0,,1,1,1,10,10,10,,60.0,45,5,1316,2,2,,,3,1,6,2,3,2,,,,,,,,,,,,,,,,,,,,,,,,,,,,,,,,,,,,,0,0,0,0,0,0,0,0,0,1,0,0,0,,,,,,,,,321,3,5,,,,,,,,,,,,,,,,,,,,,,,,,,,,,,,,1,,2,6,421,5,6,,,,,,,,,,,,,,,,,,,,,,,,,,,,,,,,3,,,,2,BE25,2,3,6,1,3,2,2,2,2,2,4,3,2,2,4,4,3,2,2,3,2,3,,14,4,2011,18,51,14,4,2011,19,45,1,,1,14,4,2011,54
ESS5e03_5,5,3.5,23.11.2023,107808,BE,1.0,0.860502302646637,0.5286191701889038,0.4548780024051666,2,2,7,2,2,1,7,0,10,0,2,4,3,5,4,5,5,5,1,1,,,,,,,,,,,,,,,,,,,,,,,,,,,,,,1,2,2,2,2,2,2,2,,,,,,,,,,,,,,,,,,,,,,,,,,,,,2,,,,,,,,,,,,,,,,,,,,,,,,,,,,5,8,2,2,3,5,7,2,2,3,4,1,1,1,5,6,7,9,7,1,4,2,1,3,3,3,3,1,3,2,,,,,,,,,,,,,,,,,,,,,,,1,1,1,,,,,,,,,,,,,,,,,,,,,7,7,5,2,0,0,0,0,0,0,0,0,0,0,0,0,1,0,1,66,1,66,,DUT,000,2,1,66,1,66,,2,4,20,1,5,2,2,2,5,5,1,2,3,4,3,17,1,2,0.0,7,1,5,,,,,,,,,,,,,,,,,,,,,,,,,,,,5,3,3,2,4,1,1,8,8,2,,,2,1,2,1,3,1,1,4,4,4,4,4,4,0,24,1,0.0,0,20,20,5,1,6,6,5,2,,,2,,1,3,2,3,3,2,2,5,1,1,2,1,2,2,3,2,1,1,0,0,0,5,5,5,3,9,5,8,6,2,1,7,1,4,3,4,2,2,3,,1,2,2,1,1,5,2,2,1,,,,,,,,,,,,,1970,41,1975,,,,,,,,,,,,,1,,,,,,,,,,,,,1,3,,2,1,1,6,,6,2,2,1,4,313,4,9,,,,,,,,,,,,,,,,,,,,,,,,,,,,,,,,,,17,1,0,0,0,0,0,0,0,0,0,0,0,,1,,,,2,0,,1,2,,10,10,10,90.0,0.0,56,5,1315,2,2,,,1,2,7,2,4,1,610,6,12,,,,,,,,,,,,,,,,,,,,,,,,,,,,,,,,,,1,0,0,0,0,0,0,0,0,0,0,0,0,,,9330,1,,2,,,710,7,14,,,,,,,,,,,,,,,,,,,,,,,,,,,,,,,,1,,1,6,313,4,9,,,,,,,,,,,,,,,,,,,,,,,,,,,,,,,,4,,,,1,BE25,2,3,1,2,2,2,2,4,3,4,1,1,1,2,2,2,3,3,3,2,4,2,,26,2,2011,11,4,26,2,2011,12,0,1,,1,26,2,2011,56
ESS5e03_5,5,3.5,23.11.2023,122202,BE,1.0,0.8649160265922546,0.5286191701889038,0.4572111964225769,4,2,7,3,0,,7,4,6,3,2,7,7,4,8,5,4,5,1,13,,,,,,,,,,,,,,,,,,,,,,,,,,,,,,2,2,2,2,2,2,2,1,13,,,,,,,,,,,,,,,,,,,,,,,,,,,2,2,,,,,,,,,,,,,,,,,,,,,,,,,,,,4,7,8,8,10,8,8,1,1,1,2,2,3,3,4,6,6,8,3,1,1,1,1,3,3,4,,2,3,2,,,,,,,,,,,,,,,,,,,,,,,1,1,1,,,,,,,,,,,,,,,,,,,,,6,7,6,2,0,0,0,0,0,0,0,0,0,0,0,0,1,0,1,66,1,66,,FRE,000,2,1,66,1,66,,3,6,,,,1,1,1,2,4,1,1,1,0,0,36,1,4,36.0,1,4,1,1994,2,1,6,1,4,2,4,3,1,4,1,1,4,4,3,4,4,2,2,6,1,7,2,,1,4,3,4,3,2,2,1,1,8,6,5,1200,6,2,2,2,2,3,3,1,4,5,3,2,3,5,0,24,1,38.0,12,15,20,1,2,,,,2,,,1,60,,2,3,2,3,3,4,2,2,,3,3,9,9,0,4,,3,9,9,8,2,2,1,4,2,1,2,9,3,3,0,5,4,2,5,2,5,1,2,4,3,3,1,1,4,3,2,1,1,,,,,,,,,,,,1956,55,1959,1987,,,,,,,,,,,,1,2,,,,,,,,,,,,1,1,2,1,1,2,,,1,1,,1,3,321,3,5,,,,,,,,,,,,,,,,,,,,,,,,,,,,,,,,,,13,1,0,0,0,0,0,0,0,0,0,0,0,,1,,,,1,,1,2,2,,0,0,0,38.0,40.0,23,4,7324,2,1,1,2,3,1,4,3,2,1,323,4,8,,,,,,,,,,,,,,,,,,,,,,,,,,,,,,,,,,0,0,1,0,0,0,0,0,0,0,0,0,0,,2,,,,,,,113,1,2,,,,,,,,,,,,,,,,,,,,,,,,,,,,,,,,4,,,,113,1,2,,,,,,,,,,,,,,,,,,,,,,,,,,,,,,,,1,,2,8,2,BE32,2,2,6,2,5,4,3,2,2,3,2,4,1,6,3,3,4,5,1,2,1,2,,10,1,2011,18,19,10,1,2011,19,47,2,,1,10,1,2011,88
ESS5e03_5,5,3.5,23.11.2023,721,BG,0.44289836287498474,0.2627163827419281,0.2685911953449249,0.07056330889463425,7,2,7,,0,,0,7,6,4,3,10,10,4,8,,4,,1,,2,,,,,,,,,,,,,,,,,,,,,,,,,,,,,2,2,2,2,2,2,2,1,,1,,,,,,,,,,,,,,,,,,,,,,,,,,1,2,,,,,,,,,,,,,,,,,,,,,,,,,,,,1,4,4,3,2,,6,1,,,1,3,3,3,3,,,0,5,1,2,2,,2,2,2,2,3,2,1,3,,,,,,,,,,,,,,,,,,,,,,,,,,,,,,,,,,,,,,,,,,,,,8,4,3,2,0,0,0,0,0,0,0,0,0,0,0,0,1,0,1,66,1,66,,BUL,000,2,1,66,1,66,,8,7,,,,6,6,6,3,3,1,3,0,0,0,34,2,,,,,,,,,,,,,,,,,,,,,,,,,,,,,,,,,,,,,,,,,,,,,,,,,,,2,,,,,,,,,2,,,,,,,,,,1,1989,1,1,55,,4,4,4,4,4,4,1,2,,3,3,,8,10,3,3,,0,,0,,,2,,,1,,8,3,3,1,4,2,1,1,5,,,,4,4,4,1,1,1,1,2,,,,,,,,,,,,,,1934,77,,,,,,,,,,,,,,,,,,,,,,,,,,,2,,1,2,2,,5,,5,2,1,1,3,313,4,,4,,,,,,,,,,,,,,,,,,,,,,,,,,,,,,,,,11,0,0,0,0,0,1,0,0,0,0,0,0,,6,2,1,1989,1,,1,1,2,,4,0,0,42.0,40.0,,2,4121,2,2,,,2,4,1,3,2,2,,,,,,,,,,,,,,,,,,,,,,,,,,,,,,,,,,,,,0,0,0,0,0,0,0,0,0,1,0,0,0,,,,,,,,,,,,,,,,,,,,,,,,,,,,,,,,,,,,,,,,,,,4,,,,,,,,,,,,,,,,,,,,,,,,,,,,,,,,,,,,,,3,,,,2,BG321,3,3,6,1,,1,6,1,3,1,6,4,2,,1,6,1,,1,1,1,6,,30,1,2011,16,5,30,1,2011,17,5,3,,1,30,1,2011,60
ESS5e03_5,5,3.5,23.11.2023,3495,BG,0.4425053596496582,0.46947306394577026,0.2685911953449249,0.12609633803367615,5,2,7,2,2,1,7,2,4,4,3,0,0,0,2,5,0,0,1,,2,,,,,,,,,,,,,,,,,,,,,,,,,,,,,2,2,2,2,1,2,1,,,,,,,,,,,,,,,,,,,,,,,,,,,,,,2,,,,,,,,,,,,,,,,,,,,,,,,,,,,1,5,1,1,1,3,1,1,3,1,3,1,1,1,7,8,8,4,7,1,3,2,2,3,2,3,2,3,3,2,,,,,,,,,,,,,,,,,,,,,,,2,,,,,,,,,,,,,,,,,,,,,,,1,6,6,2,0,0,0,0,0,0,0,0,0,0,0,0,1,0,1,66,1,66,,BUL,000,2,1,66,1,66,,1,7,,,,4,5,4,3,3,1,2,4,4,3,25,1,3,15.0,6,6,2,2007,2,4,3,1,6,5,4,4,3,2,1,1,3,2,5,4,3,1,4,5,5,6,1,2,1,4,4,4,6,1,,,,6,4,1,322,5,1,2,2,2,4,4,1,3,3,4,3,3,2,0,,2,,,,,,,,,,2,,,1,60,,3,3,2,3,3,3,3,1,4,2,1,5,5,5,3,2,2,3,3,3,3,3,3,3,6,4,8,2,2,1,9,1,1,3,1,4,1,1,4,3,3,3,1,1,3,1,1,,,,,,,,,,,,,,1957,54,,,,,,,,,,,,,,,,,,,,,,,,,,,2,,1,2,2,,6,,6,2,2,2,1,720,7,,10,,,,,,,,,,,,,,,,,,,,,,,,,,,,,,,,,16,1,0,0,0,0,0,0,1,0,0,0,0,1,1,,,,1,,1,1,2,,7,2,5,40.0,50.0,65,4,3412,2,1,2,2,2,1,2,4,2,2,,,,,,,,,,,,,,,,,,,,,,,,,,,,,,,,,,,,,0,0,0,0,0,0,0,0,0,1,0,0,0,,,,,,,,,720,7,,10,,,,,,,,,,,,,,,,,,,,,,,,,,,,,,,1,,1,1,313,4,,4,,,,,,,,,,,,,,,,,,,,,,,,,,,,,,,1,,2,4,2,BG344,3,3,5,2,2,2,3,2,2,2,4,2,2,2,2,3,2,2,2,2,2,3,,26,1,2011,17,30,26,1,2011,18,40,1,,1,26,1,2011,70
ESS5e03_5,5,3.5,23.11.2023,992,BG,0.4120562970638275,0.372429221868515,0.2685911953449249,0.10003121197223663,7,3,6,3,1,0,1,5,5,6,2,5,5,4,1,,5,0,1,,2,,,,,,,,,,,,,,,,,,,,,,,,,,,,,2,2,2,2,2,2,2,1,,1,,,,,,,,,,,,,,,,,,,,,,,,,,2,2,,,,,,,,,,,,,,,,,,,,,,,,,,,,1,1,2,0,0,1,1,1,,,1,1,1,1,,9,,2,5,2,2,2,3,3,2,3,2,4,1,1,3,,,,,,,,,,,,,,,,,,,,,,,,,,,,,,,,,,,,,,,,,,,,,9,4,1,1,0,0,0,0,1,1,0,0,0,0,0,0,0,0,1,66,1,66,,BUL,ROM,1,1,66,1,66,,8,7,,,,5,4,5,5,5,1,4,6,6,0,39,2,,,,,,,,,,,,,,,,,,,,,,,,,,,,,,,,,,,,,,,,,,,,,,,,,,,2,,,,,,,,,2,,,,,,,,,,1,1992,1,1,55,,4,3,4,4,3,4,2,1,4,2,1,5,5,8,3,3,2,10,10,,2,2,2,2,,,,,2,1,,1,2,1,1,5,1,1,4,4,1,1,1,,1,1,2,,,,,,,,,,,,,,1937,74,,,,,,,,,,,,,,,,,,,,,,,,,,,2,,2,2,2,,5,,5,2,1,2,4,113,1,,1,,,,,,,,,,,,,,,,,,,,,,,,,,,,,,,,,4,0,0,0,0,0,1,0,1,0,0,0,0,6,6,2,1,,1,,1,3,2,,5,0,5,,50.0,1,4,9211,2,2,,,2,4,1,4,2,2,,,,,,,,,,,,,,,,,,,,,,,,,,,,,,,,,,,,,0,0,0,0,0,0,0,0,0,1,0,0,0,,,,,,,,,0,1,,0,,,,,,,,,,,,,,,,,,,,,,,,,,,,,,,1,,2,9,113,1,,1,,,,,,,,,,,,,,,,,,,,,,,,,,,,,,,2,2,,9,2,BG313,3,4,5,1,3,1,4,1,1,2,4,3,3,3,1,4,1,2,1,1,1,4,,30,1,2011,14,50,30,1,2011,15,40,2,,1,30,1,2011,50
ESS5e03_5,5,3.5,23.11.2023,1722,BG,0.4668480157852173,0.379360169172287,0.2685911953449249,0.10189279913902283,7,3,0,,2,2,7,5,3,2,2,5,6,2,7,5,3,5,1,,7,,,,,,,,,,,,,,,,,,,,,,,,,,,,,2,2,2,2,2,2,2,2,,,,,,,,,,,,,,,,,,,,,,,,,,,,,2,,,,,,,,,,,,,,,,,,,,,,,,,,,,6,1,1,0,1,2,0,1,1,3,1,1,1,2,10,10,5,7,5,1,2,2,2,2,3,3,3,2,3,1,3,,,,,,,,,,,,,,,,,,,,,,,,,,,,,,,,,,,,,,,,,,,,,5,5,7,2,0,0,0,0,0,0,0,0,0,0,0,0,1,0,1,66,1,66,,BUL,000,2,1,66,1,66,,9,7,50,3,,2,4,2,4,5,1,1,6,6,0,18,3,,,,,,,,,,,,,,,,,,,,,,,,,,,,,,,,,,,,,,,,,,,,,,,,,,,1,4,5,5,4,5,1,36,40,2,,,,,,,,,,2,,,1,55,,1,3,4,3,3,4,2,2,,2,3,3,5,55,2,3,2,10,5,5,2,3,2,2,9,2,5,7,2,2,5,2,1,2,2,4,2,1,4,4,3,3,1,1,1,1,2,,,,,,,,,,,,,,1958,53,,,,,,,,,,,,,,,,,,,,,,,,,,,2,,2,2,2,,5,,5,2,1,1,4,323,4,,5,,,,,,,,,,,,,,,,,,,,,,,,,,,,,,,,,11,0,0,1,0,0,0,0,1,0,0,0,0,3,3,2,1,2007,1,,1,1,2,,10,10,9,40.0,56.0,1,4,4190,2,1,1,1,2,6,1,4,1,2,,,,,,,,,,,,,,,,,,,,,,,,,,,,,,,,,,,,,0,0,0,0,0,0,0,0,0,1,0,0,0,,,,,,,,,213,2,,2,,,,,,,,,,,,,,,,,,,,,,,,,,,,,,,1,,2,5,213,2,,2,,,,,,,,,,,,,,,,,,,,,,,,,,,,,,,1,,2,9,1,BG314,3,1,3,1,1,2,1,1,2,1,2,1,1,1,2,1,2,3,1,1,2,2,,8,1,2011,14,52,8,1,2011,15,50,1,,1,8,1,2011,58
ESS5e03_5,5,3.5,23.11.2023,3474,BG,1.350627064704895,0.9211323857307434,0.2685911953449249,0.24740804731845856,4,1,3,0,2,1,7,6,5,5,3,5,4,0,5,5,0,1,1,,2,,,,,,,,,,,,,,,,,,,,,,,,,,,,,2,2,2,2,2,1,2,2,,,,,,,,,,,,,,,,,,,,,,,,,,,,,2,,,,,,,,,,,,,,,,,,,,,,,,,,,,5,4,4,1,1,5,1,3,1,3,3,1,1,2,5,6,6,5,4,1,3,2,2,4,,4,,1,3,1,3,,,,,,,,,,,,,,,,,,,,,,,,,,,,,,,,,,,,,,,,,,,,,5,6,7,2,0,0,0,0,0,0,0,0,0,0,0,0,1,0,1,66,1,66,,BUL,000,2,1,66,1,66,,11,3,7,1,5,2,2,2,4,4,1,2,1,1,1,23,1,55,23.0,5,1,4,1987,3,1,3,1,8,6,4,4,2,4,2,1,4,1,2,4,2,1,6,8,1,2,2,,1,4,4,4,3,2,3,3,2,8,8,1,,,2,2,2,2,1,1,1,4,4,5,4,4,2,0,40,1,40.0,0,10,,2,1,2,2,1,2,,,1,60,,3,3,3,3,3,3,2,1,3,3,1,5,3,3,2,2,2,2,2,2,3,3,3,2,5,2,5,5,2,3,5,3,3,2,2,2,1,1,4,3,3,2,1,1,1,3,2,1,2,,,,,,,,,,,,1962,49,1956,1990,,,,,,,,,,,,1,2,,,,,,,,,,,,1,1,2,2,1,2,,,1,1,,1,1,720,7,,10,,,,,,,,,,,,,,,,,,,,,,,,,,,,,,,,,18,1,0,0,0,0,0,0,1,0,0,0,0,1,1,,,,1,,1,3,1,7,9,6,9,40.0,48.0,86,2,2221,2,2,,,1,1,,1,3,1,720,7,,10,,,,,,,,,,,,,,,,,,,,,,,,,,,,,,,,,1,0,0,0,0,0,0,0,0,0,0,0,0,,,3450,1,,2,,40.0,620,6,,9,,,,,,,,,,,,,,,,,,,,,,,,,,,,,,,1,,1,3,620,6,,9,,,,,,,,,,,,,,,,,,,,,,,,,,,,,,,1,,2,1,1,BG344,3,3,5,5,2,2,5,5,2,3,2,2,3,2,2,3,3,2,2,3,3,2,,2,2,2011,15,0,2,2,2011,16,30,2,,1,2,2,2011,90
ESS5e03_5,5,3.5,23.11.2023,1355,CH,1.0,0.8913475275039673,0.4385514557361603,0.39090174436569214,2,1,3,1,2,1,0,5,8,8,2,8,9,8,6,5,6,7,2,,,,,,,,,,,,,,,,,,,,,,,,,,,,,,,2,2,2,2,2,2,2,2,,,,,,,,,,,,,,,,,,,,,,,,,,,,,2,,,,,,,,,,,,,,,,,,,,,,,,,,,,8,10,8,8,8,8,8,2,2,2,2,3,4,3,2,2,2,10,2,1,3,2,1,4,,4,,1,3,1,2,,280,,,,,,,,,,,,,,,,,,,,,,,,,,,,,,,,,,,,,,,,,,,7,7,4,2,0,0,0,0,0,0,0,0,0,0,0,0,1,0,1,66,1,66,,GSW,000,2,1,66,1,66,,1,7,1,1,1,1,1,1,1,3,2,1,0,0,0,29,1,4,23.0,3,4,2,1987,2,2,1,1,5,6,4,3,3,3,1,1,4,1,2,4,3,1,2,10,2,3,2,,1,2,2,2,2,2,1,1,1,10,9,2,4290,6,2,2,2,2,4,2,1,2,4,4,4,4,2,0,40,1,0.0,0,3,20,1,2,,,,2,,,2,,2,3,3,3,3,3,4,2,2,,2,3,7,7,7,3,3,3,7,8,7,2,2,2,3,2,2,1,8,3,3,1,2,3,2,2,2,4,1,2,4,4,4,1,1,1,4,1,2,1,2,,,,,,,,,,,1966,44,1971,2008,2010,,,,,,,,,,,1,2,2,,,,,,,,,,,1,1,1,2,1,2,,,1,1,,2,4,322,3,,,12,,,,,,,,,,,,,,,,,,,,,,,,,,,,,,,,13,1,0,0,0,0,0,0,0,0,0,0,0,,1,,,,1,,1,3,2,,5,4,8,43.0,43.0,84,3,6112,2,2,,,1,1,4,1,2,1,322,3,,,12,,,,,,,,,,,,,,,,,,,,,,,,,,,,,,,,0,0,0,0,0,0,0,1,0,0,0,0,0,,2,,,,,,,113,1,,,2,,,,,,,,,,,,,,,,,,,,,,,,,,,,,,2,1,,9,113,1,,,2,,,,,,,,,,,,,,,,,,,,,,,,,,,,,,3,,,,1,CH02,2,2,3,2,3,1,3,1,2,2,2,1,2,2,1,5,2,1,2,2,3,2,,22,11,2010,13,20,22,11,2010,14,16,2,,1,22,11,2010,56
ESS5e03_5,5,3.5,23.11.2023,2639,CH,1.0,0.974816620349884,0.4385514557361603,0.4275072515010834,2,1,1,1,2,2,7,4,6,7,3,7,8,6,3,7,5,8,1,,,4,,,,,,,,,,,,,,,,,,,,,,,,,,,,1,2,1,2,2,2,2,1,,,4,,,,,,,,,,,,,,,,,,,,,,,,,2,2,,,,,,,,,,,,,,,,,,,,,,,,,,,,7,6,7,4,7,6,6,4,2,4,3,1,2,3,5,3,4,6,6,2,3,2,2,2,3,4,,3,3,1,2,,280,,,,,,,,,,,,,,,,,,,,,,,,,,,,,,,,,,,,,,,,,,,8,5,3,2,0,0,0,0,0,0,0,0,0,0,0,0,1,0,1,66,1,66,,GSW,000,2,1,66,1,66,,1,6,36,2,1,4,4,4,2,5,3,1,0,0,2,22,1,1,6.0,4,1,3,1999,2,1,5,1,4,5,4,3,3,2,2,4,4,2,2,2,2,1,4,5,6,3,1,2,1,2,3,3,3,2,2,2,2,8,7,2,,,2,2,2,1,1,1,1,5,4,4,4,4,2,0,42,1,32.0,0,2,10,5,1,1,2,2,2,,,2,,1,3,2,2,3,2,3,1,1,3,3,1,8,7,7,3,3,3,8,8,7,2,2,2,2,1,3,2,8,3,3,2,4,3,2,2,4,3,4,,4,4,3,1,1,2,3,1,2,2,,,,,,,,,,,,1968,42,1969,2005,,,,,,,,,,,,1,2,,,,,,,,,,,,1,1,1,2,1,2,,,1,1,,2,4,610,6,,,17,,,,,,,,,,,,,,,,,,,,,,,,,,,,,,,,12,1,1,0,0,0,0,0,0,0,0,0,0,1,1,,,,1,,1,5,1,35,10,7,9,42.0,55.0,62,4,2131,2,2,,,3,1,9,1,4,1,520,5,,,14,,,,,,,,,,,,,,,,,,,,,,,,,,,,,,,,1,0,0,0,0,0,0,1,0,0,0,0,0,1,,2419,1,,2,,24.0,510,5,,,19,,,,,,,,,,,,,,,,,,,,,,,,,,,,,,2,1,,1,322,3,,,12,,,,,,,,,,,,,,,,,,,,,,,,,,,,,,1,,2,4,1,CH04,2,2,3,3,2,2,6,5,2,3,3,2,3,2,3,3,3,2,2,2,3,3,,13,10,2010,18,19,13,10,2010,19,10,1,,1,13,10,2010,51
ESS5e03_5,5,3.5,23.11.2023,894,CH,1.0,1.092146396636963,0.4385514557361603,0.47896239161491394,2,2,0,,4,1,7,7,7,8,2,8,9,5,4,6,4,7,1,,,5,,,,,,,,,,,,,,,,,,,,,,,,,,,,2,2,2,2,2,2,2,1,,,14,,,,,,,,,,,,,,,,,,,,,,,,,2,2,,,,,,,,,,,,,,,,,,,,,,,,,,,,10,10,8,6,8,6,10,5,2,1,2,2,2,2,8,8,7,10,4,1,3,2,1,4,,4,,2,3,1,2,,280,,,,,,,,,,,,,,,,,,,,,,,,,,,,,,,,,,,,,,,,,,,3,7,7,2,0,0,0,0,0,0,0,0,0,0,0,0,1,0,1,66,1,66,,FRE,GSW,2,1,66,1,66,,8,4,,,,2,2,2,2,5,4,1,0,0,0,40,2,,,,,,,,,,,,,,,,,,,,,,,,,,,,,,,,,,,,,,,,,,,,,,,,,,,2,,,,,,,,,1,,0,8,8,1,2,,,,1,1994,1,1,65,,4,4,3,,,4,1,1,5,3,3,7,8,8,4,3,3,10,10,10,1,1,1,5,0,2,2,8,3,3,0,5,4,1,1,1,4,,,4,4,4,1,1,4,2,1,2,,,,,,,,,,,,,1929,81,1932,,,,,,,,,,,,,1,,,,,,,,,,,,,1,1,2,1,1,2,,,1,2,1,1,3,800,7,,,23,,,,,,,,,,,,,,,,,,,,,,,,,,,,,,,,20,0,0,0,0,0,1,0,0,0,0,0,0,,6,2,1,1994,2,,,5,1,,10,10,10,,80.0,86,2,2221,2,2,,,3,4,,1,,1,312,4,,,5,,,,,,,,,,,,,,,,,,,,,,,,,,,,,,,,0,0,0,0,0,1,0,1,0,0,0,0,0,6,2,,,,,,,720,7,,,22,,,,,,,,,,,,,,,,,,,,,,,,,,,,,,1,,1,1,323,4,,,8,,,,,,,,,,,,,,,,,,,,,,,,,,,,,,3,,,,2,CH01,2,2,5,1,3,4,5,3,1,3,4,1,1,2,6,5,1,1,1,2,2,5,,16,10,2010,13,51,16,10,2010,14,54,3,,1,16,10,2010,63
ESS5e03_5,5,3.5,23.11.2023,1367,CH,1.0,1.3141967058181763,0.4385514557361603,0.5763428807258606,4,2,4,3,2,2,6,7,8,4,2,8,8,5,7,7,5,6,3,,,,,,,,,,,,,,,,,,,,,,,,,,,,,,,2,2,2,2,2,2,2,1,,,3,,,,,,,,,,,,,,,,,,,,,,,,,2,2,,,,,,,,,,,,,,,,,,,,,,,,,,,,3,8,8,7,8,8,8,1,1,1,2,1,1,1,7,10,7,8,6,1,1,2,2,3,3,3,3,2,3,1,1,,110,,,,,,,,,,,,,,,,,,,,,,,,,,,,,,,,,,,,,,,,,,,4,6,4,2,0,0,0,0,0,0,0,0,0,0,0,0,1,0,2,IT,1,66,,ITA,000,2,2,IT,2,IT,,11,2,,,,2,2,3,1,4,2,1,0,0,0,24,1,4,24.0,5,3,5,1986,2,1,2,2,,3,2,1,4,4,1,1,1,1,2,4,2,2,5,8,9,9,2,,2,2,2,3,3,2,3,1,1,7,8,4,1638,6,1,2,2,2,4,2,1,5,5,4,5,5,3,0,10,1,0.0,0,15,2,2,1,4,2,4,2,,,2,,4,3,3,2,2,2,3,2,2,,2,1,7,7,8,3,3,3,6,7,7,2,2,2,2,5,2,2,8,3,3,2,4,2,3,1,2,2,2,,1,4,3,1,1,3,2,2,1,,,,,,,,,,,,,1971,39,1966,,,,,,,,,,,,,1,,,,,,,,,,,,,1,1,1,2,1,2,,,1,2,2,1,4,322,3,,,12,,,,,,,,,,,,,,,,,,,,,,,,,,,,,,,,9,1,0,0,0,0,0,0,0,0,0,0,0,,1,,,,1,,1,3,2,,0,0,2,20.0,20.0,47,4,5220,2,2,,,1,1,,1,3,1,520,5,,,16,,,,,,,,,,,,,,,,,,,,,,,,,,,,,,,,1,0,0,0,0,0,0,0,0,0,0,0,0,,,7242,1,,2,,41.0,213,2,,,3,,,,,,,,,,,,,,,,,,,,,,,,,,,,,,1,,2,7,213,2,,,3,,,,,,,,,,,,,,,,,,,,,,,,,,,,,,3,,,,2,CH07,2,2,5,1,3,2,1,4,3,2,2,2,2,4,2,4,1,3,1,1,3,4,,5,11,2010,12,31,5,11,2010,14,6,2,,1,5,11,2010,95
ESS5e03_5,5,3.5,23.11.2023,2255,CH,1.0,0.8232206106185913,0.4385514557361603,0.3610245883464813,7,3,4,2,2,2,0,10,8,5,2,10,10,7,6,10,6,10,1,,,2,,,,,,,,,,,,,,,,,,,,,,,,,,,,1,2,2,2,2,2,2,2,,,,,,,,,,,,,,,,,,,,,,,,,,,,,2,,,,,,,,,,,,,,,,,,,,,,,,,,,,5,10,7,5,10,10,10,4,2,4,2,2,2,2,5,8,5,7,3,1,4,2,1,4,,4,,1,3,1,1,,110,,,,,,,,,,,,,,,,,,,,,,,,,,,,,,,,,,,,,,,,,,,10,5,1,2,0,0,0,0,0,0,0,0,0,0,0,0,1,0,1,66,1,66,,GSW,GER,2,1,66,1,66,,1,6,,,,3,2,2,3,4,4,1,2,2,2,42,2,,,,,,,,,,,,,,,,,,,,,,,,,,,,,,,,,,,,,,,,,,,,,,,,,,,2,,,,,,,,,1,35.0,0,35,35,1,1,1,1,1,1,,1,1,65,,4,4,3,3,3,3,2,2,,2,,4,5,10,4,3,3,8,7,8,2,2,2,2,0,1,3,9,2,3,0,3,2,2,2,2,4,1,1,4,4,4,1,1,1,2,1,2,,,,,,,,,,,,,1928,82,1931,,,,,,,,,,,,,1,,,,,,,,,,,,,1,1,2,2,1,2,,,1,2,2,1,4,322,3,,,12,,,,,,,,,,,,,,,,,,,,,,,,,,,,,,,,9,0,0,0,0,0,1,0,0,0,0,0,0,,6,2,1,1993,1,,1,1,2,,5,5,4,42.0,42.0,45,4,5220,2,2,,,3,1,,1,3,1,213,2,,,3,,,,,,,,,,,,,,,,,,,,,,,,,,,,,,,,1,0,0,0,0,1,0,0,0,0,0,0,0,6,,7430,1,,2,,40.0,113,1,,,2,,,,,,,,,,,,,,,,,,,,,,,,,,,,,,1,,2,,113,1,,,2,,,,,,,,,,,,,,,,,,,,,,,,,,,,,,3,,,,2,CH05,2,2,2,2,3,3,3,3,2,2,1,2,1,3,1,5,1,2,2,1,1,1,,9,11,2010,13,8,9,11,2010,13,33,2,,1,9,11,2010,25
ESS5e03_5,5,3.5,23.11.2023,10107,CY,0.7036402821540833,0.6424401998519897,0.061636656522750854,0.03959786519408226,6,0,2,0,0,,6,5,4,1,3,3,3,2,5,4,2,3,2,,,,,,,,,,,,,,,,,,,,,,,,,,,,,,,2,2,2,2,2,2,2,2,,,,,,,,,,,,,,,,,,,,,,,,,,,,,2,,,,,,,,,,,,,,,,,,,,,,,,,,,,6,9,5,2,6,7,7,2,4,4,4,3,4,4,1,2,2,9,5,1,3,2,3,1,3,4,,1,3,1,3,,,310,,,,,,,,,,,,,,,,,,,,,,,,,,,,,,,,,,,,,,,,,,6,4,3,2,0,0,0,0,0,0,0,0,0,0,0,0,1,0,1,66,1,66,,GRE,000,2,1,66,1,66,,,1,,,,2,1,1,2,2,2,1,1,1,1,555,3,,,,,,,,,,,,,,,,,,,,,,,,,,,,,,,,,,,,,,,,,,,,,,,,,,,1,4,5,5,4,4,2,6,35,2,,,,,,,,,,2,,,2,,,3,3,3,3,3,3,2,1,3,2,1,7,8,4,3,3,3,10,10,10,4,2,2,2,5,2,6,9,2,1,2,2,4,2,2,2,4,2,,3,3,3,1,1,2,4,2,2,2,2,,,,,,,,,,,1985,26,1959,1983,1990,,,,,,,,,,,3,4,4,,,,,,,,,,,2,,2,2,2,,6,,6,2,2,1,1,620,6,,,,620,,,,,,,,,,,,,,,,,,,,,,,,,,,,,,,17,0,0,1,0,0,0,0,0,0,0,0,0,,3,2,2,,,,,,,,,,,,,,,,,1,2,2,3,1,,2,,2,,,,,,,,,,,,,,,,,,,,,,,,,,,,,,,,,,,,,0,0,0,0,0,0,0,0,0,1,0,0,0,,,,,,,,,620,6,,,,620,,,,,,,,,,,,,,,,,,,,,,,,,,,,,1,,1,5,313,4,,,,313,,,,,,,,,,,,,,,,,,,,,,,,,,,,,1,,1,3,2,CY0,1,2,6,2,2,2,5,5,2,2,2,2,2,5,2,5,2,2,2,2,2,2,,30,3,2011,11,0,30,3,2011,12,0,2,,1,30,3,2011,60
ESS5e03_5,5,3.5,23.11.2023,20705,CY,0.7458236217498779,1.0122255086898804,0.061636656522750854,0.062390197068452835,7,2,2,0,0,,7,9,5,7,4,0,0,0,0,0,0,0,2,,,,,,,,,,,,,,,,,,,,,,,,,,,,,,,2,2,2,2,2,2,2,2,,,,,,,,,,,,,,,,,,,,,,,,,,,,,2,,,,,,,,,,,,,,,,,,,,,,,,,,,,,6,4,6,6,6,5,2,1,1,2,1,1,1,6,8,7,,2,1,3,2,1,2,2,3,3,1,3,1,3,,,310,,,,,,,,,,,,,,,,,,,,,,,,,,,,,,,,,,,,,,,,,,10,5,1,2,0,0,0,0,0,0,0,0,0,0,0,0,1,0,1,66,1,66,,GRE,000,2,1,66,1,66,,11,7,,,,2,2,2,4,5,1,2,4,3,4,888,1,2,,1,5,2,,,,,,,,,,,,,,,,,,,,,,,,,,,,4,4,3,2,3,3,3,6,7,2,,,1,1,2,1,3,3,1,5,5,4,5,4,2,0,,1,40.0,0,10,10,1,1,1,1,5,2,,,2,,4,4,4,4,3,4,4,3,1,2,3,1,3,4,5,3,3,4,4,6,7,2,2,2,2,5,3,4,8,,,4,2,1,2,2,2,2,1,7,4,3,3,1,1,2,3,2,1,2,,,,,,,,,,,,1969,42,1972,1992,,,,,,,,,,,,1,2,,,,,,,,,,,,1,1,1,2,1,2,,,1,1,,2,1,710,7,,,,710,,,,,,,,,,,,,,,,,,,,,,,,,,,,,,,16,1,0,0,0,0,0,0,0,0,0,0,0,,1,,,,2,0,,1,2,,10,10,10,,,75,5,2223,1,2,,,3,1,,1,5,1,323,4,,,,323,,,,,,,,,,,,,,,,,,,,,,,,,,,,,,,1,0,0,0,0,0,0,0,0,0,0,0,0,,,5122,1,,1,10,,313,4,,,,313,,,,,,,,,,,,,,,,,,,,,,,,,,,,,1,,1,5,213,2,,,,213,,,,,,,,,,,,,,,,,,,,,,,,,,,,,3,,,,2,CY0,1,1,3,2,1,2,1,3,1,2,1,3,2,1,1,5,1,1,1,1,1,1,,19,3,2011,18,20,19,3,2011,19,50,2,,1,19,3,2011,90
ESS5e03_5,5,3.5,23.11.2023,20994,CY,0.7458236217498779,0.8888009786605835,0.061636656522750854,0.054782722145318985,5,3,1,3,1,1,1,2,3,,1,6,6,4,2,2,4,6,1,,,,1,,,,,,,,,,,,,,,,,,,,,,,,,,,2,2,2,2,2,2,2,1,,,,1,,,,,,,,,,,,,,,,,,,,,,,,1,2,,,,,,,,,,,,,,,,,,,,,,,,,,,,0,8,1,8,5,6,7,,3,3,2,3,4,4,1,0,2,8,4,1,3,2,2,2,2,2,3,2,3,1,3,,,310,,,,,,,,,,,,,,,,,,,,,,,,,,,,,,,,,,,,,,,,,,8,3,2,2,0,0,0,0,0,0,0,0,0,0,0,0,1,0,1,66,1,66,,GRE,000,2,1,66,1,66,3,9,1,,,,2,2,2,3,3,2,1,3,4,4,888,3,,,,,,,,,,,,,,,,,,,,,,,,,,,,,,,,,,,,,,,,,,,,,,,,,,,1,4,5,5,4,5,3,0,,1,,0,40,10,4,1,5,1,4,2,,,1,,,4,4,4,1,1,1,2,2,,2,,5,5,5,3,3,,8,8,7,3,2,2,1,,4,8,5,,,8,2,2,2,1,,1,4,,3,3,3,1,1,1,2,1,2,,,,,,,,,,,,,1964,47,1967,,,,,,,,,,,,,1,,,,,,,,,,,,,1,1,2,2,1,2,,,1,1,,1,2,313,4,,,,313,,,,,,,,,,,,,,,,,,,,,,,,,,,,,,,12,0,0,0,0,0,0,0,1,0,0,0,0,,8,2,1,1990,1,,3,2,2,,2,2,0,40.0,40.0,58,4,8224,2,2,,,3,1,,3,3,1,323,4,,,,323,,,,,,,,,,,,,,,,,,,,,,,,,,,,,,,0,0,0,0,0,0,0,1,0,0,0,0,0,,1,5122,1,,1,10,40.0,323,4,,,,323,,,,,,,,,,,,,,,,,,,,,,,,,,,,,1,,1,9,113,1,,,,113,,,,,,,,,,,,,,,,,,,,,,,,,,,,,1,,2,8,2,CY0,1,1,2,2,2,1,2,3,2,2,2,3,2,2,1,4,2,2,2,2,2,2,,10,3,2011,18,0,10,3,2011,19,0,2,,1,10,3,2011,60
ESS5e03_5,5,3.5,23.11.2023,20902,CY,0.7458236217498779,0.6742686629295349,0.061636656522750854,0.04155966639518738,7,3,1,1,0,,2,3,2,2,1,7,6,2,6,5,2,4,1,,,,,,,,,,,,,,,,,,,,,,,,,,,,,,,1,2,1,1,2,2,2,1,,,,2,,,,,,,,,,,,,,,,,,,,,,,,1,1,,,,2,,,,,,,,,,,,,,,,,,,,,,,,3,6,6,3,5,5,5,2,1,1,2,2,3,3,7,6,,7,4,1,3,1,4,2,1,1,2,1,,1,3,,,310,,,,,,,,,,,,,,,,,,,,,,,,,,,,,,,,,,,,,,,,,,8,,,2,0,0,0,0,0,0,0,0,0,0,0,0,1,0,1,66,1,66,,GRE,000,2,1,66,1,66,3,11,7,,,,3,4,5,4,4,1,2,6,5,4,15,1,2,15.0,2,2,5,1990,1,2,4,2,,,4,4,4,4,1,4,4,4,2,4,1,1,3,8,8,8,1,4,1,2,3,4,3,2,3,3,3,6,7,4,,,2,1,1,1,2,1,1,4,4,4,4,4,3,0,70,1,0.0,0,,10,3,1,6,6,5,2,,,2,,3,,,3,4,4,2,2,2,,3,3,7,8,8,3,3,3,5,6,6,1,1,2,2,2,2,3,4,3,3,3,4,1,1,1,1,2,1,,4,1,1,1,1,3,3,1,2,2,,,,,,,,,,,,1979,32,1983,2008,,,,,,,,,,,,1,2,,,,,,,,,,,,1,1,2,2,1,2,,,1,1,,1,1,520,5,,,,520,,,,,,,,,,,,,,,,,,,,,,,,,,,,,,,14,1,0,0,0,0,0,0,1,0,0,0,0,1,1,,,,1,,3,1,2,,10,10,10,40.0,50.0,47,4,3400,2,2,,,3,1,4,2,2,1,313,4,,,,313,,,,,,,,,,,,,,,,,,,,,,,,,,,,,,,1,0,0,0,0,0,0,0,0,0,0,0,0,,,5220,1,,2,,50.0,113,1,,,,113,,,,,,,,,,,,,,,,,,,,,,,,,,,,,2,1,,3,0,1,,,,0,,,,,,,,,,,,,,,,,,,,,,,,,,,,,3,,,,2,CY0,1,2,4,1,1,1,3,2,1,1,6,2,1,1,1,3,2,1,1,2,1,1,,18,3,2011,17,45,18,3,2011,19,20,3,,1,18,3,2011,95
ESS5e03_5,5,3.5,23.11.2023,1090,CY,0.7036402821540833,1.47173273563385,0.061636656522750854,0.09071268141269684,7,2,0,,1,0,7,5,7,0,3,5,10,0,7,10,0,2,3,,,,,,,,,,,,,,,,,,,,,,,,,,,,,,,1,2,2,1,1,1,2,2,,,,,,,,,,,,,,,,,,,,,,,,,,,,,2,,,,,,,,,,,,,,,,,,,,,,,,,,,,5,8,4,7,0,0,5,3,1,2,1,1,2,4,0,2,4,10,7,1,2,1,3,2,2,4,,3,2,1,3,,,310,,,,,,,,,,,,,,,,,,,,,,,,,,,,,,,,,,,,,,,,,,6,4,1,1,1,0,0,0,0,0,0,1,0,0,0,0,0,0,1,66,2,BG,1997,GRE,ENG,2,1,66,1,66,,,1,,,,2,5,3,3,2,1,3,0,0,0,999,3,,,,,,,,,,,,,,,,,,,,,,,,,,,,,,,,,,,,,,,,,,,,,,,,,,,1,,,,,,,,,2,,,,,,,,,,2,,,2,,,4,2,4,3,4,4,2,1,1,2,2,0,0,3,1,1,3,10,7,5,5,4,3,2,,3,7,4,2,1,8,2,1,4,1,2,2,1,6,4,4,4,1,4,5,3,1,1,2,,,,,,,,,,,,1993,18,1955,1965,,,,,,,,,,,,3,3,,,,,,,,,,,,2,,2,2,2,,6,,6,2,,1,1,213,2,,,,213,,,,,,,,,,,,,,,,,,,,,,,,,,,,,,,13,0,0,0,0,0,0,0,0,1,0,0,0,,9,2,1,2008,,,,1,,,,,,,,,,,,,,,,2,10,1,5,2,,,,,,,,,,,,,,,,,,,,,,,,,,,,,,,,,,,,,0,0,0,0,0,0,0,0,0,1,0,0,0,,,,,,,,,610,6,,,,610,,,,,,,,,,,,,,,,,,,,,,,,,,,,,2,2,,1,620,6,,,,620,,,,,,,,,,,,,,,,,,,,,,,,,,,,,1,,1,1,,CY0,1,1,6,2,4,3,1,6,1,6,6,3,1,3,2,1,6,2,1,2,5,1,,1,2,2011,17,20,1,2,2011,18,15,2,,1,1,2,2011,55
ESS5e03_5,5,3.5,23.11.2023,1625,CZ,1.5067018270492554,1.3088260889053345,0.3777218461036682,0.4943722188472748,7,2,7,1,0,,6,5,7,5,3,2,1,0,2,2,0,1,1,,,,,2,,,,,,,,,,,,,,,,,,,,,,,,,,2,2,2,2,2,2,2,2,,,,,,,,,,,,,,,,,,,,,,,,,,,,,2,,,,,,,,,,,,,,,,,,,,,,,,,,,,5,5,0,0,4,5,4,2,1,3,4,2,2,2,3,4,3,5,4,1,3,1,3,3,2,2,2,2,3,2,,,,,,,,,,,,,,,,,,,,,,,2,,,,,,,,,,,,,,,,,,,,,,,0,7,7,2,0,0,0,0,0,0,0,0,0,0,0,0,1,0,1,66,1,66,,CZE,000,2,1,66,1,66,,1,3,3,2,1,4,4,4,4,5,1,1,3,4,5,9,1,3,5.0,1,2,1,2006,2,2,1,1,1,5,4,3,2,3,1,1,1,,2,3,3,2,2,4,5,4,2,,1,5,5,4,4,2,2,1,1,5,3,4,694,6,2,1,2,1,1,1,1,3,5,4,3,3,2,0,40,2,,,,,,,,,,2,,,2,,2,3,3,3,2,2,3,4,1,1,2,3,2,1,3,2,2,2,6,4,6,3,4,4,2,7,4,6,5,2,2,6,3,1,2,2,2,2,1,8,4,3,3,1,1,3,3,2,1,2,,,,,,,,,,,,1982,29,1957,1957,,,,,,,,,,,,3,3,,,,,,,,,,,,2,,1,2,2,,6,,6,2,2,2,1,323,4,,,,,6,,,,,,,,,,,,,,,,,,,,,,,,,,,,,,13,1,0,0,0,0,0,0,0,0,0,0,0,,1,,,,1,,1,3,2,,5,0,4,40.0,40.0,53,4,4133,2,1,1,2,3,1,9,2,2,2,,,,,,,,,,,,,,,,,,,,,,,,,,,,,,,,,,,,,0,0,0,0,0,0,0,0,0,1,0,0,0,,,,,,,,,321,3,,,,,4,,,,,,,,,,,,,,,,,,,,,,,,,,,,1,,1,6,321,3,,,,,4,,,,,,,,,,,,,,,,,,,,,,,,,,,,1,,2,4,1,CZ080,3,1,3,2,3,2,3,5,2,3,3,3,2,3,2,3,2,3,2,2,3,3,,25,2,2011,16,50,25,2,2011,18,55,2,,2,25,2,2011,125
ESS5e03_5,5,3.5,23.11.2023,907,CZ,1.4202171564102173,1.0901541709899902,0.3777218461036682,0.41177505254745483,5,2,0,,0,,0,7,7,7,3,7,7,2,7,7,2,4,1,,,,,2,,,,,,,,,,,,,,,,,,,,,,,,,,2,2,2,2,2,2,2,2,,,,,,,,,,,,,,,,,,,,,,,,,,,,,2,,,,,,,,,,,,,,,,,,,,,,,,,,,,4,4,4,4,6,6,6,2,3,3,3,4,4,4,3,3,7,6,6,1,1,2,2,3,3,4,,2,3,2,,,,,,,,,,,,,,,,,,,,,,,2,,,,,,,,,,,,,,,,,,,,,,,5,7,7,2,0,0,0,0,0,0,0,0,0,0,0,0,1,0,1,66,1,66,,CZE,000,2,1,66,1,66,3,9,1,,,,3,3,3,1,3,2,1,6,2,6,27,3,,,,,,,,,,,,,,,,,,,,,,,,,,,,,,,,,,,,,,,,,,,,,,,,,,,1,3,5,3,5,2,5,13,35,1,40.0,0,60,30,2,1,1,3,1,2,,,1,56,,3,3,3,2,2,2,2,2,,2,3,7,7,6,3,3,3,7,7,7,2,2,2,2,7,2,5,7,2,3,4,2,2,2,3,3,2,1,2,4,4,2,1,1,1,3,2,1,1,,,,,,,,,,,,1961,50,1956,1986,,,,,,,,,,,,1,2,,,,,,,,,,,,1,1,2,2,1,2,,,1,1,,2,4,321,3,,,,,4,,,,,,,,,,,,,,,,,,,,,,,,,,,,,,12,0,0,0,1,0,0,0,1,0,0,0,0,8,8,2,1,2009,1,,2,3,2,,0,0,0,35.0,60.0,10,4,8274,2,1,1,1,3,1,6,4,1,1,321,3,,,,,4,,,,,,,,,,,,,,,,,,,,,,,,,,,,,,1,0,0,0,0,0,0,1,0,0,0,0,0,1,,9120,1,,2,,40.0,321,3,,,,,4,,,,,,,,,,,,,,,,,,,,,,,,,,,,1,,2,6,213,2,,,,,3,,,,,,,,,,,,,,,,,,,,,,,,,,,,1,,2,8,2,CZ053,3,3,4,2,4,1,3,2,4,1,4,3,2,4,2,4,2,3,2,2,2,4,,10,2,2011,16,20,10,2,2011,17,55,3,,1,10,2,2011,95
ESS5e03_5,5,3.5,23.11.2023,1129,CZ,1.27224862575531,1.1141341924667358,0.3777218461036682,0.4208328127861023,7,1,7,2,2,1,6,4,5,5,3,7,8,1,5,5,2,3,1,,,,,5,,,,,,,,,,,,,,,,,,,,,,,,,,1,2,2,2,1,2,2,2,,,,,,,,,,,,,,,,,,,,,,,,,,,,,2,,,,,,,,,,,,,,,,,,,,,,,,,,,,10,8,4,4,8,9,2,3,2,1,5,3,4,4,2,2,3,8,5,1,3,2,1,3,3,4,,2,3,2,,,,,,,,,,,,,,,,,,,,,,,2,,,,,,,,,,,,,,,,,,,,,,,2,5,7,2,0,0,0,0,0,0,0,0,0,0,0,0,1,0,1,66,1,66,,CZE,000,2,1,66,1,66,,1,3,6,1,3,2,1,3,3,3,2,2,1,1,1,27,1,2,27.0,6,2,4,1997,2,2,4,1,5,4,3,2,1,3,1,1,3,1,4,4,3,2,6,8,5,4,2,,3,2,2,3,1,2,1,1,1,7,7,4,776,6,2,2,2,2,4,3,1,2,1,1,1,1,3,0,50,1,50.0,0,14,10,1,1,2,4,3,2,,,1,,,3,4,2,3,3,4,4,1,3,2,1,7,6,55,2,3,2,6,4,3,2,2,4,3,7,2,7,8,2,3,4,2,1,2,2,3,2,4,,4,4,4,1,1,2,3,2,1,2,,,,,,,,,,,,1965,46,1960,1986,,,,,,,,,,,,1,2,,,,,,,,,,,,1,1,2,2,1,2,,,1,1,,2,4,323,4,,,,,6,,,,,,,,,,,,,,,,,,,,,,,,,,,,,,13,1,0,0,0,0,0,0,0,0,0,0,0,,1,,,,1,,1,2,2,,4,0,4,42.0,40.0,87,1,3231,2,2,,,3,1,9,1,3,1,321,3,,,,,4,,,,,,,,,,,,,,,,,,,,,,,,,,,,,,1,0,0,0,0,0,0,0,0,0,0,0,0,,,7233,1,,2,,40.0,321,3,,,,,4,,,,,,,,,,,,,,,,,,,,,,,,,,,,1,,2,7,321,3,,,,,4,,,,,,,,,,,,,,,,,,,,,,,,,,,,1,,2,7,1,CZ042,3,2,2,4,2,2,4,4,3,3,1,1,2,2,3,5,3,3,2,3,3,3,,26,2,2011,15,52,26,2,2011,17,15,1,,1,26,2,2011,83
ESS5e03_5,5,3.5,23.11.2023,2005,CZ,0.9094091057777405,0.959170937538147,0.3777218461036682,0.3622998297214508,3,0,3,0,0,,7,3,6,2,4,5,4,2,2,4,4,5,1,,,,,8,,,,,,,,,,,,,,,,,,,,,,,,,,1,2,2,2,2,2,2,1,,,,,8,,,,,,,,,,,,,,,,,,,,,,,2,2,,,,,,,,,,,,,,,,,,,,,,,,,,,,10,7,4,3,6,8,6,4,1,4,4,2,3,3,4,5,5,7,6,1,3,2,2,3,3,3,3,1,3,2,,,,,,,,,,,,,,,,,,,,,,,2,,,,,,,,,,,,,,,,,,,,,,,1,7,5,2,0,0,0,0,0,0,0,0,0,0,0,0,1,0,1,66,1,66,,CZE,000,2,1,66,1,66,,2,5,,,,4,4,4,3,5,3,2,3,0,1,6,1,3,3.0,6,3,5,,,,,,,,,,,,,,,,,,,,,,,,,,,,4,3,3,2,3,3,2,7,4,4,796,6,1,1,2,2,3,3,1,4,3,4,4,3,4,0,10,1,8.0,0,3,10,2,1,2,3,3,2,,,2,,2,2,3,2,2,2,2,3,1,2,2,,3,3,5,2,2,2,3,1,1,4,3,3,4,6,,5,5,2,3,6,3,3,4,4,2,3,2,,4,3,3,1,2,3,2,1,2,,,,,,,,,,,,,1987,24,1989,,,,,,,,,,,,,1,,,,,,,,,,,,,1,3,,2,1,1,6,,6,2,2,2,4,323,4,,,,,6,,,,,,,,,,,,,,,,,,,,,,,,,,,,,,13,1,0,0,0,0,0,0,0,0,0,0,0,,1,,,,2,1,,1,2,,10,10,10,53.0,53.0,43,5,2142,2,2,,,3,2,5,2,3,1,323,4,,,,,6,,,,,,,,,,,,,,,,,,,,,,,,,,,,,,1,0,0,0,0,0,0,0,0,0,0,0,0,,,3412,3,,2,,45.0,321,3,,,,,4,,,,,,,,,,,,,,,,,,,,,,,,,,,,2,1,,6,323,4,,,,,6,,,,,,,,,,,,,,,,,,,,,,,,,,,,1,,2,3,2,CZ032,3,2,3,3,3,3,3,4,3,4,2,2,3,2,2,4,3,3,3,3,3,3,,2,3,2011,12,10,2,3,2011,13,37,1,,1,2,3,2011,87
ESS5e03_5,5,3.5,23.11.2023,333,CZ,1.8187752962112427,1.9459601640701294,0.3777218461036682,0.7350316643714905,2,1,0,,0,,7,7,6,5,3,5,5,3,8,9,3,4,1,,,,,5,,,,,,,,,,,,,,,,,,,,,,,,,,2,2,2,2,2,2,2,1,,,,,5,,,,,,,,,,,,,,,,,,,,,,,3,2,,,,,,,,,,,,,,,,,,,,,,,,,,,,10,8,5,6,8,4,5,4,1,1,5,3,3,3,1,1,1,8,4,1,3,1,3,3,3,3,2,1,3,2,,,,,,,,,,,,,,,,,,,,,,,2,,,,,,,,,,,,,,,,,,,,,,,0,7,7,2,0,0,0,0,0,0,0,0,0,0,0,0,1,0,1,66,1,66,,CZE,000,2,1,66,1,66,,11,3,,,,2,2,2,4,4,3,1,4,4,4,2,1,2,2.0,1,1,1,2009,3,2,4,2,,2,4,3,2,3,1,1,3,1,3,3,2,1,4,,5,6,2,,1,4,2,3,1,2,,,,6,7,3,,,2,2,2,2,,3,1,1,1,1,1,1,4,0,40,2,,,,,,,,,,2,,,2,,2,3,3,3,3,3,3,2,2,,,3,6,6,,3,3,3,7,7,7,4,4,3,2,,3,,,,3,,4,3,4,3,2,3,4,,3,3,2,1,1,1,4,1,1,2,2,,,,,,,,,,,1990,21,1953,1955,1991,,,,,,,,,,,3,3,4,,,,,,,,,,,2,,2,2,2,,6,,6,2,2,2,1,423,5,,,,,7,,,,,,,,,,,,,,,,,,,,,,,,,,,,,,14,1,0,0,0,0,0,0,0,0,0,0,0,,1,,,,1,,1,2,2,,0,0,0,42.0,42.0,55,1,4222,2,2,,,1,,,3,2,2,,,,,,,,,,,,,,,,,,,,,,,,,,,,,,,,,,,,,0,0,0,0,0,0,0,0,0,1,0,0,0,,,,,,,,,323,4,,,,,6,,,,,,,,,,,,,,,,,,,,,,,,,,,,1,,2,3,720,7,,,,,11,,,,,,,,,,,,,,,,,,,,,,,,,,,,1,,2,1,2,CZ010,3,1,1,1,1,3,2,2,2,3,1,1,2,1,1,2,2,1,1,2,2,2,,28,1,2011,14,0,28,1,2011,15,42,2,,1,28,1,2011,102
ESS5e03_5,5,3.5,23.11.2023,388681,DE,1.1649999618530273,0.8850846290588379,2.335190534591675,2.0668413639068604,4,1,1,1,0,,7,3,9,8,3,8,6,5,8,7,7,,3,,,,,,,,,,,,,,,,,,,,,,,,,,,,,,,1,2,2,2,1,2,2,2,,,,,,,,,,,,,,,,,,,,,,,,,,,,,2,,,,,,,,,,,,,,,,,,,,,,,,,,,,,7,5,6,6,8,8,2,1,5,3,2,3,4,6,2,3,8,6,1,3,2,3,2,3,3,3,2,3,1,1,,,,1,,,,,,,,,,,,,,,,,,,,,,,,,,,,,,,,,,,,,,,,,4,7,6,2,0,0,0,0,0,0,0,0,0,0,0,0,1,0,1,66,2,GB,2005,GER,ENG,2,2,GB,1,66,,,1,,,,2,4,5,2,5,3,1,1,1,1,555,3,,,,,,,,,,,,,,,,,,,,,,,,,,,,,,,,,,,,,,,,,,,,,,,,,,,1,4,5,3,5,4,2,0,40,2,,,,,,,,,,2,,,2,,1,3,3,2,4,2,2,2,1,4,,2,7,8,8,3,4,3,10,10,8,1,2,2,5,6,2,2,8,3,3,2,4,2,2,1,2,4,2,,4,3,3,1,1,1,3,2,2,1,,,,,,,,,,,,1994,16,1968,,,,,,,,,,,,,3,3,,,,,,,,,,,,2,,2,2,2,,6,,6,2,2,1,3,213,2,,,,,,3,,0,,,,,,,,,,,,,,,,,,,,,,,,,,,12,0,1,0,0,0,0,0,0,0,0,0,0,,2,2,2,,,,,,,,,,,,,,,,,2,,,3,1,,2,5,2,,,,,,,,,,,,,,,,,,,,,,,,,,,,,,,,,,,,,0,0,0,0,0,0,0,0,0,1,0,0,0,,,,,,,,,322,3,,,,,,3,,5,,,,,,,,,,,,,,,,,,,,,,,,,1,,1,5,322,3,,,,,,2,,5,,,,,,,,,,,,,,,,,,,,,,,,,1,,1,3,2,DEA,1,3,5,2,2,2,3,3,2,2,2,2,2,3,2,4,3,5,2,5,3,2,2,14,12,2010,17,43,14,12,2010,18,40,3,,1,14,12,2010,57
ESS5e03_5,5,3.5,23.11.2023,390264,DE,1.281000018119812,0.9926304817199707,2.335190534591675,2.317981243133545,2,1,1,1,1,1,5,7,7,8,4,7,8,2,6,4,2,5,2,,,,,,,,,,,,,,,,,,,,,,,,,,,,,,,2,2,2,2,2,2,1,2,,,,,,,,,,,,,,,,,,,,,,,,,,,,,2,,,,,,,,,,,,,,,,,,,,,,,,,,,,,6,6,4,7,6,5,2,2,4,1,1,2,2,7,8,8,8,6,1,3,2,2,4,,4,,3,3,1,1,,,,1,,,,,,,,,,,,,,,,,,,,,,,,,,,,,,,,,,,,,,,,,4,7,6,2,0,0,0,0,0,0,0,0,0,0,0,0,1,0,1,66,2,PL,1989,GER,000,2,2,PL,2,PL,,11,3,10,2,1,2,4,2,5,5,1,1,1,2,3,26,1,2,24.0,1,6,4,1992,4,2,5,1,4,5,3,3,2,3,1,1,3,1,2,1,3,1,6,8,1,7,2,,55,4,3,4,2,2,1,1,1,7,6,3,1800,5,2,2,2,2,4,2,1,5,5,4,3,4,4,0,35,1,0.0,0,1,10,6,2,,,,2,,,1,60,,3,2,2,3,2,2,2,2,,2,1,5,6,7,3,3,2,8,7,5,2,2,3,3,2,3,2,8,3,3,2,3,2,3,2,1,3,3,,4,3,3,1,1,5,2,2,1,,,,,,,,,,,,,1960,51,1939,,,,,,,,,,,,,1,,,,,,,,,,,,,1,1,2,1,1,2,,,1,2,1,1,4,510,5,,,,,,5,1,6,,,,,,,,,,,,,,,,,,,,,,,,,,,16,1,0,0,0,0,0,0,0,0,0,0,0,,1,,,,1,,1,2,2,,8,0,9,30.0,40.0,79,2,4221,2,2,,,3,4,8,2,1,1,510,5,,,,,,5,1,5555,,,,,,,,,,,,,,,,,,,,,,,,,,,0,0,0,0,0,1,0,0,0,0,0,0,0,,2,,,,,,,710,7,,,,,,4,6,5,,,,,,,,,,,,,,,,,,,,,,,,,1,,2,6,510,5,,,,,,5,1,6,,,,,,,,,,,,,,,,,,,,,,,,,1,,2,3,1,DE2,1,3,4,1,4,3,4,5,2,3,3,2,2,5,4,3,3,5,2,2,2,3,2,17,1,2011,9,52,17,1,2011,11,10,3,,1,17,1,2011,78
ESS5e03_5,5,3.5,23.11.2023,389608,DE,1.2589999437332153,1.531820297241211,2.335190534591675,3.577092170715332,7,2,6,1,2,1,0,5,7,5,2,7,8,3,4,6,2,4,1,,,,,,2,2,,,,,,,,,,,,,,,,,,,,,,,,2,2,2,2,2,1,2,1,,,,,,2,,,,,,,,,,,,,,,,,,,,,,2,2,,,,,,,,,,,,,,,,,,,,,,,,,,,,6,3,4,5,4,2,4,2,1,1,5,2,2,2,6,7,5,3,7,1,2,1,2,4,,4,,2,3,1,1,,,,1,,,,,,,,,,,,,,,,,,,,,,,,,,,,,,,,,,,,,,,,,2,5,7,2,0,0,0,0,0,0,0,0,0,0,0,0,1,0,1,66,1,66,,GER,000,2,1,66,1,66,1,3,7,,,,2,1,4,4,5,1,3,5,5,5,7,3,,,,,,,,,,,,,,,,,,,,,,,,,,,,,,,,,,,,,,,,,,,,,,,,,,,1,3,5,4,4,4,5,12,37,2,,,,,,,,,,2,,,2,,1,2,3,2,2,3,2,2,1,4,2,3,4,7,4,3,3,3,7,7,5,2,2,1,1,2,2,3,6,2,3,2,2,2,4,2,1,1,1,2,4,4,4,1,4,5,1,1,,,,,,,,,,,,,,1979,31,,,,,,,,,,,,,,,,,,,,,,,,,,,2,,1,2,2,,6,,6,2,1,2,4,322,3,,,,,,2,,5,,,,,,,,,,,,,,,,,,,,,,,,,,,13,0,0,1,0,0,0,0,0,0,0,0,0,,3,2,1,2009,1,,2,1,2,,3,0,8,40.0,60.0,25,4,7214,2,1,1,1,3,5,1,4,1,2,,,,,,,,,,,,,,,,,,,,,,,,,,,,,,,,,,,,,0,0,0,0,0,0,0,0,0,1,0,0,0,,,,,,,,,322,3,,,,,,2,,5,,,,,,,,,,,,,,,,,,,,,,,,,1,,1,6,322,3,,,,,,2,,5,,,,,,,,,,,,,,,,,,,,,,,,,1,,2,7,2,DE9,1,2,2,3,4,5,1,4,2,5,2,3,4,2,1,1,5,5,1,3,5,2,2,17,12,2010,18,37,17,12,2010,19,46,1,,1,17,12,2010,69
ESS5e03_5,5,3.5,23.11.2023,390037,DE,1.3020000457763672,1.1938705444335938,2.335190534591675,2.7879152297973633,2,1,1,1,2,1,6,8,9,7,1,7,9,6,4,6,5,8,1,,,,,,2,2,,,,,,,,,,,,,,,,,,,,,,,,1,1,1,2,2,2,2,1,,,,,,2,,,,,,,,,,,,,,,,,,,,,,3,1,,,,,,2,,,,,,,,,,,,,,,,,,,,,,7,9,8,6,8,8,7,3,2,3,4,2,2,3,6,4,4,8,5,1,4,2,1,3,3,4,,3,3,1,2,,,,2,,,,,,,,,,,,,,,,,,,,,,,,,,,,,,,,,,,,,,,,,4,6,7,2,0,0,0,0,0,0,0,0,0,0,0,0,1,0,1,66,1,66,,GER,000,2,1,66,1,66,,11,4,2,2,5,3,3,5,1,2,4,2,0,0,0,41,1,5,41.0,4,4,5,,,,,,,,,,,,,,,,,,,,,,,,,,,,4,3,4,2,2,1,1,8,6,2,4000,6,2,1,2,2,4,3,1,5,4,4,5,4,3,0,36,1,36.0,0,0,30,1,1,4,4,5,2,,,1,68,,4,3,3,3,3,2,2,2,,3,1,6,4,6,,,2,3,3,2,2,2,2,4,2,2,2,9,3,3,0,4,4,4,2,4,4,1,5,4,4,4,1,1,2,5,1,1,2,2,1,,,,,,,,,,1950,60,1923,1929,1952,1991,,,,,,,,,,3,3,1,6,,,,,,,,,,1,1,1,2,1,2,,,1,2,1,1,4,520,5,,,,,,3,,9,,,,,,,,,,,,,,,,,,,,,,,,,,,13,1,0,0,0,0,0,0,0,0,0,0,0,,1,,,,2,2,,1,1,2,10,10,10,,58.0,1,5,6130,2,2,,,3,3,10,1,5,1,520,5,,,,,,3,,9,,,,,,,,,,,,,,,,,,,,,,,,,,,1,0,0,0,0,0,0,0,0,0,0,0,0,,,1314,2,0,2,,30.0,520,5,,,,,,2,,9,,,,,,,,,,,,,,,,,,,,,,,,,2,2,,9,322,3,,,,,,2,,5,,,,,,,,,,,,,,,,,,,,,,,,,3,,,,1,DE9,1,3,4,3,2,2,3,4,1,3,2,1,1,2,3,3,3,2,1,2,2,4,2,10,12,2010,16,35,10,12,2010,17,39,3,,1,10,12,2010,64
ESS5e03_5,5,3.5,23.11.2023,389930,DE,1.281000018119812,1.1927324533462524,2.335190534591675,2.785257577896118,2,2,1,1,1,1,6,8,8,9,2,7,8,6,5,5,6,8,1,,,,,,3,3,,,,,,,,,,,,,,,,,,,,,,,,2,2,1,2,2,2,1,2,,,,,,,,,,,,,,,,,,,,,,,,,,,,,2,,,,,,,,,,,,,,,,,,,,,,,,,,,,5,8,8,6,7,6,5,4,1,2,3,1,1,1,9,8,5,9,6,1,3,1,2,2,3,3,3,2,3,1,2,,,,2,,,,,,,,,,,,,,,,,,,,,,,,,,,,,,,,,,,,,,,,,5,6,6,2,0,0,0,0,0,0,0,0,0,0,0,0,1,0,1,66,1,66,,GER,000,2,1,66,1,66,,9,7,5,2,1,2,2,2,3,5,3,1,1,0,0,27,1,2,11.0,4,2,4,2000,2,1,5,1,1,4,4,2,1,3,2,1,3,1,2,4,2,1,5,8,0,10,1,2,3,2,2,3,4,2,2,1,2,10,5,1,3000,6,2,1,2,2,2,5,1,5,4,3,4,4,2,0,40,2,,,,,,,,,,2,,,1,60,,3,3,2,2,2,3,2,1,3,3,1,3,3,8,4,4,2,0,8,8,3,2,2,2,1,2,2,9,3,3,1,4,3,2,2,3,2,2,,4,3,3,1,1,2,1,1,,,,,,,,,,,,,,1964,47,,,,,,,,,,,,,,,,,,,,,,,,,,,2,,1,2,2,,6,,6,2,2,1,3,423,5,,,,,,5,0,6,,,,,,,,,,,,,,,,,,,,,,,,,,,16,1,0,0,0,0,0,0,0,0,0,0,0,,1,,,,1,,1,5,2,,8,0,3,40.0,40.0,51,4,5111,2,2,,,1,1,6,1,4,2,,,,,,,,,,,,,,,,,,,,,,,,,,,,,,,,,,,,,0,0,0,0,0,0,0,0,0,1,0,0,0,,,,,,,,,322,3,,,,,,3,,5,,,,,,,,,,,,,,,,,,,,,,,,,1,,1,6,423,5,,,,,,5,0,6,,,,,,,,,,,,,,,,,,,,,,,,,1,,2,3,1,DE7,1,1,6,3,5,3,2,4,1,2,2,2,2,5,4,4,3,5,1,3,5,4,2,27,1,2011,13,0,27,1,2011,14,13,1,,1,27,1,2011,73
